id,activity_date,daily_average_heartrate,total_steps,total_distance,tracker_distance,logged_activities_distance,very_active_distance,moderately_active_distance,light_active_distance,sedentary_active_distance,very_active_minutes,fairly_active_minutes,lightly_active_minutes,sedentary_minutes,calories,total_minutes_asleep,total_sleep_records,total_time_in_bed,bmi,weight_kg,weight_pounds
1503960366,2016-04-12,,13162,8.5,8.5,0.0,1.88,0.55,6.06,0.0,25,13,328,728,1985,327.0,1.0,346.0,,,
1503960366,2016-04-13,,10735,6.97,6.97,0.0,1.57,0.69,4.71,0.0,21,19,217,776,1797,384.0,2.0,407.0,,,
1503960366,2016-04-14,,10460,6.74,6.74,0.0,2.44,0.4,3.91,0.0,30,11,181,1218,1776,,,,,,
1503960366,2016-04-15,,9762,6.28,6.28,0.0,2.14,1.26,2.83,0.0,29,34,209,726,1745,412.0,1.0,442.0,,,
1503960366,2016-04-16,,12669,8.16,8.16,0.0,2.71,0.41,5.04,0.0,36,10,221,773,1863,340.0,2.0,367.0,,,
1503960366,2016-04-17,,9705,6.48,6.48,0.0,3.19,0.78,2.51,0.0,38,20,164,539,1728,700.0,1.0,712.0,,,
1503960366,2016-04-18,,13019,8.59,8.59,0.0,3.25,0.64,4.71,0.0,42,16,233,1149,1921,,,,,,
1503960366,2016-04-19,,15506,9.88,9.88,0.0,3.53,1.32,5.03,0.0,50,31,264,775,2035,304.0,1.0,320.0,,,
1503960366,2016-04-20,,10544,6.68,6.68,0.0,1.96,0.48,4.24,0.0,28,12,205,818,1786,360.0,1.0,377.0,,,
1503960366,2016-04-21,,9819,6.34,6.34,0.0,1.34,0.35,4.65,0.0,19,8,211,838,1775,325.0,1.0,364.0,,,
1503960366,2016-04-22,,12764,8.13,8.13,0.0,4.76,1.12,2.24,0.0,66,27,130,1217,1827,,,,,,
1503960366,2016-04-23,,14371,9.04,9.04,0.0,2.81,0.87,5.36,0.0,41,21,262,732,1949,361.0,1.0,384.0,,,
1503960366,2016-04-24,,10039,6.41,6.41,0.0,2.92,0.21,3.28,0.0,39,5,238,709,1788,430.0,1.0,449.0,,,
1503960366,2016-04-25,,15355,9.8,9.8,0.0,5.29,0.57,3.94,0.0,73,14,216,814,2013,277.0,1.0,323.0,,,
1503960366,2016-04-26,,13755,8.79,8.79,0.0,2.33,0.92,5.54,0.0,31,23,279,833,1970,245.0,1.0,274.0,,,
1503960366,2016-04-27,,18134,12.21,12.21,0.0,6.4,0.41,5.41,0.0,78,11,243,1108,2159,,,,,,
1503960366,2016-04-28,,13154,8.53,8.53,0.0,3.54,1.16,3.79,0.0,48,28,189,782,1898,366.0,1.0,393.0,,,
1503960366,2016-04-29,,11181,7.15,7.15,0.0,1.06,0.5,5.58,0.0,16,12,243,815,1837,341.0,1.0,354.0,,,
1503960366,2016-04-30,,14673,9.25,9.25,0.0,3.56,1.42,4.27,0.0,52,34,217,712,1947,404.0,1.0,425.0,,,
1503960366,2016-05-01,,10602,6.81,6.81,0.0,2.29,1.6,2.92,0.0,33,35,246,730,1820,369.0,1.0,396.0,,,
1503960366,2016-05-02,,14727,9.71,9.71,0.0,3.21,0.57,5.92,0.0,41,15,277,798,2004,277.0,1.0,309.0,22.65,52.6,115.96
1503960366,2016-05-03,,15103,9.66,9.66,0.0,3.73,1.05,4.88,0.0,50,24,254,816,1990,273.0,1.0,296.0,22.65,52.6,115.96
1503960366,2016-05-04,,11100,7.15,7.15,0.0,2.46,0.87,3.82,0.0,36,22,203,1179,1819,,,,,,
1503960366,2016-05-05,,14070,8.9,8.9,0.0,2.92,1.08,4.88,0.0,45,24,250,857,1959,247.0,1.0,264.0,,,
1503960366,2016-05-06,,12159,8.03,8.03,0.0,1.97,0.25,5.81,0.0,24,6,289,754,1896,334.0,1.0,367.0,,,
1503960366,2016-05-07,,11992,7.71,7.71,0.0,2.46,2.12,3.13,0.0,37,46,175,833,1821,331.0,1.0,349.0,,,
1503960366,2016-05-08,,10060,6.58,6.58,0.0,3.53,0.32,2.73,0.0,44,8,203,574,1740,594.0,1.0,611.0,,,
1503960366,2016-05-09,,12022,7.72,7.72,0.0,3.45,0.53,3.74,0.0,46,11,206,835,1819,338.0,1.0,342.0,,,
1503960366,2016-05-10,,12207,7.77,7.77,0.0,3.35,1.16,3.26,0.0,46,31,214,746,1859,383.0,1.0,403.0,,,
1503960366,2016-05-11,,12770,8.13,8.13,0.0,2.56,1.01,4.55,0.0,36,23,251,669,1783,285.0,1.0,306.0,,,
1503960366,2016-05-12,,0,0.0,0.0,0.0,0.0,0.0,0.0,0.0,0,0,0,1440,0,,,,,,
1624580081,2016-04-12,,8163,5.31,5.31,0.0,0.0,0.0,5.31,0.0,0,0,146,1294,1432,,,,,,
1624580081,2016-04-13,,7007,4.55,4.55,0.0,0.0,0.0,4.55,0.0,0,0,148,1292,1411,,,,,,
1624580081,2016-04-14,,9107,5.92,5.92,0.0,0.0,0.0,5.91,0.01,0,0,236,1204,1572,,,,,,
1624580081,2016-04-15,,1510,0.98,0.98,0.0,0.0,0.0,0.97,0.0,0,0,96,1344,1344,,,,,,
1624580081,2016-04-16,,5370,3.49,3.49,0.0,0.0,0.0,3.49,0.0,0,0,176,1264,1463,,,,,,
1624580081,2016-04-17,,6175,4.06,4.06,0.0,1.03,1.52,1.49,0.01,15,22,127,1276,1554,,,,,,
1624580081,2016-04-18,,10536,7.41,7.41,0.0,2.15,0.62,4.62,0.01,17,7,202,1214,1604,,,,,,
1624580081,2016-04-19,,2916,1.9,1.9,0.0,0.0,0.0,1.9,0.0,0,0,141,1299,1435,,,,,,
1624580081,2016-04-20,,4974,3.23,3.23,0.0,0.0,0.0,3.23,0.0,0,0,151,1289,1446,,,,,,
1624580081,2016-04-21,,6349,4.13,4.13,0.0,0.0,0.0,4.11,0.02,0,0,186,1254,1467,,,,,,
1624580081,2016-04-22,,4026,2.62,2.62,0.0,0.0,0.0,2.6,0.0,0,0,199,1241,1470,,,,,,
1624580081,2016-04-23,,8538,5.55,5.55,0.0,0.0,0.0,5.54,0.01,0,0,227,1213,1562,,,,,,
1624580081,2016-04-24,,6076,3.95,3.95,0.0,1.15,0.91,1.89,0.0,16,18,185,1221,1617,,,,,,
1624580081,2016-04-25,,6497,4.22,4.22,0.0,0.0,0.0,4.2,0.02,0,0,202,1238,1492,,,,,,
1624580081,2016-04-26,,2826,1.84,1.84,0.0,0.0,0.0,1.83,0.01,0,0,140,1300,1402,,,,,,
1624580081,2016-04-27,,8367,5.44,5.44,0.0,1.11,1.87,2.46,0.0,17,36,154,1233,1670,,,,,,
1624580081,2016-04-28,,2759,1.79,1.79,0.0,0.0,0.2,1.6,0.0,0,5,115,1320,1401,,,,,,
1624580081,2016-04-29,,2390,1.55,1.55,0.0,0.0,0.0,1.55,0.0,0,0,150,1290,1404,,,,,,
1624580081,2016-04-30,,6474,4.3,4.3,0.0,0.9,1.28,2.12,0.01,11,23,224,1182,1655,,,,,,
1624580081,2016-05-01,,36019,28.03,28.03,0.0,21.92,4.19,1.91,0.02,186,63,171,1020,2690,,,,,,
1624580081,2016-05-02,,7155,4.93,4.93,0.0,0.86,0.59,3.47,0.0,7,6,166,1261,1497,,,,,,
1624580081,2016-05-03,,2100,1.37,1.37,0.0,0.0,0.0,1.34,0.02,0,0,96,1344,1334,,,,,,
1624580081,2016-05-04,,2193,1.43,1.43,0.0,0.0,0.0,1.42,0.0,0,0,118,1322,1368,,,,,,
1624580081,2016-05-05,,2470,1.61,1.61,0.0,0.0,0.0,1.58,0.02,0,0,117,1323,1370,,,,,,
1624580081,2016-05-06,,1727,1.12,1.12,0.0,0.0,0.0,1.12,0.01,0,0,102,1338,1341,,,,,,
1624580081,2016-05-07,,2104,1.37,1.37,0.0,0.0,0.0,1.37,0.0,0,0,182,1258,1474,,,,,,
1624580081,2016-05-08,,3427,2.23,2.23,0.0,0.0,0.0,2.22,0.0,0,0,152,1288,1427,,,,,,
1624580081,2016-05-09,,1732,1.13,1.13,0.0,0.0,0.0,1.13,0.0,0,0,91,1349,1328,,,,,,
1624580081,2016-05-10,,2969,1.93,1.93,0.0,0.0,0.0,1.92,0.01,0,0,139,1301,1393,,,,,,
1624580081,2016-05-11,,3134,2.04,2.04,0.0,0.0,0.0,2.04,0.0,0,0,112,1328,1359,,,,,,
1624580081,2016-05-12,,2971,1.93,1.93,0.0,0.0,0.0,1.92,0.01,0,0,107,890,1002,,,,,,
1644430081,2016-04-12,,10694,7.77,7.77,0.0,0.14,2.3,5.33,0.0,2,51,256,1131,3199,,,,,,
1644430081,2016-04-13,,8001,5.82,5.82,0.0,2.28,0.9,2.64,0.0,30,16,135,1259,2902,,,,,,
1644430081,2016-04-14,,11037,8.02,8.02,0.0,0.36,2.56,5.1,0.0,5,58,252,1125,3226,,,,,,
1644430081,2016-04-15,,5263,3.83,3.83,0.0,0.22,0.15,3.45,0.0,3,4,170,1263,2750,,,,,,
1644430081,2016-04-16,,15300,11.12,11.12,0.0,4.1,1.88,5.09,0.0,51,42,212,1135,3493,,,,,,
1644430081,2016-04-17,,8757,6.37,6.37,0.0,2.25,0.57,3.55,0.0,29,13,186,1212,3011,,,,,,
1644430081,2016-04-18,,7132,5.19,5.19,0.0,1.07,1.67,2.45,0.0,15,33,121,1271,2806,,,,,,
1644430081,2016-04-19,,11256,8.18,8.18,0.0,0.36,2.53,5.3,0.0,5,58,278,1099,3300,,,,,,
1644430081,2016-04-20,,2436,1.77,1.77,0.0,0.0,0.0,1.76,0.01,0,0,125,1315,2430,,,,,,
1644430081,2016-04-21,,1223,0.89,0.89,0.0,0.0,0.0,0.88,0.01,0,0,38,1402,2140,,,,,,
1644430081,2016-04-22,,3673,2.67,2.67,0.0,0.0,0.0,2.66,0.01,0,0,86,1354,2344,,,,,,
1644430081,2016-04-23,,6637,4.83,4.83,0.0,0.0,0.58,4.25,0.0,0,15,160,1265,2677,,,,,,
1644430081,2016-04-24,,3321,2.41,2.41,0.0,0.0,0.0,2.41,0.0,0,0,89,1351,2413,,,,,,
1644430081,2016-04-25,,3580,2.6,2.6,0.0,0.59,0.06,1.95,0.0,8,1,94,1337,2497,,,,,,
1644430081,2016-04-26,,9919,7.21,7.21,0.0,0.8,1.72,4.69,0.0,11,41,223,1165,3123,,,,,,
1644430081,2016-04-27,,3032,2.2,2.2,0.0,0.0,0.0,2.2,0.0,0,0,118,1322,2489,,,,,,
1644430081,2016-04-28,,9405,6.84,6.84,0.0,0.2,2.32,4.31,0.0,3,53,227,1157,3108,,,,,,
1644430081,2016-04-29,,3176,2.31,2.31,0.0,0.0,0.0,2.31,0.0,0,0,120,1193,2498,119.0,1.0,127.0,,,
1644430081,2016-04-30,,18213,13.24,13.24,0.0,0.63,3.14,9.46,0.0,9,71,402,816,3846,124.0,1.0,142.0,,,
1644430081,2016-05-01,,6132,4.46,4.46,0.0,0.24,0.99,3.23,0.0,3,24,146,908,2696,,,,,,
1644430081,2016-05-02,,3758,2.73,2.73,0.0,0.07,0.31,2.35,0.0,1,7,148,682,2580,796.0,1.0,961.0,,,
1644430081,2016-05-03,,12850,9.34,9.34,0.0,0.72,4.09,4.54,0.0,10,94,221,1115,3324,,,,,,
1644430081,2016-05-04,,2309,1.68,1.68,0.0,0.0,0.0,1.66,0.02,0,0,52,1388,2222,,,,,,
1644430081,2016-05-05,,4363,3.19,3.19,0.0,0.52,0.54,2.13,0.01,6,12,81,1341,2463,,,,,,
1644430081,2016-05-06,,9787,7.12,7.12,0.0,0.82,0.27,6.01,0.02,11,6,369,1054,3328,,,,,,
1644430081,2016-05-07,,13372,9.72,9.72,0.0,3.26,0.79,5.67,0.01,41,17,243,1139,3404,,,,,,
1644430081,2016-05-08,,6724,4.89,4.89,0.0,0.0,0.0,4.88,0.0,0,0,295,991,2987,137.0,1.0,154.0,,,
1644430081,2016-05-09,,6643,4.83,4.83,0.0,2.39,0.35,2.09,0.01,32,6,303,1099,3008,,,,,,
1644430081,2016-05-10,,9167,6.66,6.66,0.0,0.88,0.81,4.97,0.01,12,19,155,1254,2799,,,,,,
1644430081,2016-05-11,,1329,0.97,0.97,0.0,0.0,0.0,0.95,0.01,0,0,49,713,1276,,,,,,
1844505072,2016-04-12,,6697,4.43,4.43,0.0,0.0,0.0,4.43,0.0,0,0,339,1101,2030,,,,,,
1844505072,2016-04-13,,4929,3.26,3.26,0.0,0.0,0.0,3.26,0.0,0,0,248,1192,1860,,,,,,
1844505072,2016-04-14,,7937,5.25,5.25,0.0,0.0,0.0,5.23,0.0,0,0,373,843,2130,,,,,,
1844505072,2016-04-15,,3844,2.54,2.54,0.0,0.0,0.0,2.54,0.0,0,0,176,527,1725,644.0,1.0,961.0,,,
1844505072,2016-04-16,,3414,2.26,2.26,0.0,0.0,0.0,2.26,0.0,0,0,147,1293,1657,,,,,,
1844505072,2016-04-17,,4525,2.99,2.99,0.0,0.14,0.26,2.59,0.0,2,8,199,1231,1793,,,,,,
1844505072,2016-04-18,,4597,3.04,3.04,0.0,0.0,0.48,2.56,0.0,0,12,217,1211,1814,,,,,,
1844505072,2016-04-19,,197,0.13,0.13,0.0,0.0,0.0,0.13,0.0,0,0,10,1430,1366,,,,,,
1844505072,2016-04-20,,8,0.01,0.01,0.0,0.0,0.0,0.01,0.0,0,0,1,1439,1349,,,,,,
1844505072,2016-04-21,,8054,5.32,5.32,0.0,0.12,0.52,4.68,0.0,2,13,308,1117,2062,,,,,,
1844505072,2016-04-22,,5372,3.55,3.55,0.0,0.0,0.0,3.55,0.0,0,0,220,1220,1827,,,,,,
1844505072,2016-04-23,,3570,2.36,2.36,0.0,0.0,0.0,2.36,0.0,0,0,139,1301,1645,,,,,,
1844505072,2016-04-24,,0,0.0,0.0,0.0,0.0,0.0,0.0,0.0,0,0,0,1440,1347,,,,,,
1844505072,2016-04-25,,0,0.0,0.0,0.0,0.0,0.0,0.0,0.0,0,0,0,1440,1347,,,,,,
1844505072,2016-04-26,,0,0.0,0.0,0.0,0.0,0.0,0.0,0.0,0,0,0,1440,1347,,,,,,
1844505072,2016-04-27,,4,0.0,0.0,0.0,0.0,0.0,0.0,0.0,0,0,1,1439,1348,,,,,,
1844505072,2016-04-28,,6907,4.57,4.57,0.0,0.0,0.0,4.56,0.0,0,0,302,1138,1992,,,,,,
1844505072,2016-04-29,,4920,3.25,3.25,0.0,0.0,0.0,3.25,0.0,0,0,247,1082,1856,,,,,,
1844505072,2016-04-30,,4014,2.67,2.67,0.0,0.0,0.0,2.65,0.0,0,0,184,218,1763,722.0,1.0,961.0,,,
1844505072,2016-05-01,,2573,1.7,1.7,0.0,0.0,0.26,1.45,0.0,0,7,75,585,1541,590.0,1.0,961.0,,,
1844505072,2016-05-02,,0,0.0,0.0,0.0,0.0,0.0,0.0,0.0,0,0,0,1440,1348,,,,,,
1844505072,2016-05-03,,4059,2.68,2.68,0.0,0.0,0.0,2.68,0.0,0,0,184,1256,1742,,,,,,
1844505072,2016-05-04,,2080,1.37,1.37,0.0,0.0,0.0,1.37,0.0,0,0,87,1353,1549,,,,,,
1844505072,2016-05-05,,2237,1.48,1.48,0.0,0.0,0.0,1.48,0.0,0,0,120,1320,1589,,,,,,
1844505072,2016-05-06,,44,0.03,0.03,0.0,0.0,0.0,0.03,0.0,0,0,2,1438,1351,,,,,,
1844505072,2016-05-07,,0,0.0,0.0,0.0,0.0,0.0,0.0,0.0,0,0,0,1440,1347,,,,,,
1844505072,2016-05-08,,0,0.0,0.0,0.0,0.0,0.0,0.0,0.0,0,0,0,1440,1347,,,,,,
1844505072,2016-05-09,,0,0.0,0.0,0.0,0.0,0.0,0.0,0.0,0,0,0,1440,1347,,,,,,
1844505072,2016-05-10,,0,0.0,0.0,0.0,0.0,0.0,0.0,0.0,0,0,0,1440,1347,,,,,,
1844505072,2016-05-11,,0,0.0,0.0,0.0,0.0,0.0,0.0,0.0,0,0,0,1440,1347,,,,,,
1844505072,2016-05-12,,0,0.0,0.0,0.0,0.0,0.0,0.0,0.0,0,0,0,711,665,,,,,,
1927972279,2016-04-12,,678,0.47,0.47,0.0,0.0,0.0,0.47,0.0,0,0,55,734,2220,750.0,3.0,775.0,,,
1927972279,2016-04-13,,356,0.25,0.25,0.0,0.0,0.0,0.25,0.0,0,0,32,986,2151,398.0,1.0,422.0,47.54,133.5,294.32
1927972279,2016-04-14,,2163,1.5,1.5,0.0,0.0,0.4,1.1,0.0,0,9,88,1292,2383,,,,,,
1927972279,2016-04-15,,980,0.68,0.68,0.0,0.0,0.0,0.68,0.0,0,0,51,941,2221,475.0,2.0,499.0,,,
1927972279,2016-04-16,,0,0.0,0.0,0.0,0.0,0.0,0.0,0.0,0,0,0,1440,2064,,,,,,
1927972279,2016-04-17,,0,0.0,0.0,0.0,0.0,0.0,0.0,0.0,0,0,0,1440,2063,,,,,,
1927972279,2016-04-18,,244,0.17,0.17,0.0,0.0,0.0,0.17,0.0,0,0,17,1423,2111,,,,,,
1927972279,2016-04-19,,0,0.0,0.0,0.0,0.0,0.0,0.0,0.0,0,0,0,1440,2063,,,,,,
1927972279,2016-04-20,,0,0.0,0.0,0.0,0.0,0.0,0.0,0.0,0,0,0,1440,2063,,,,,,
1927972279,2016-04-21,,0,0.0,0.0,0.0,0.0,0.0,0.0,0.0,0,0,0,1440,2064,,,,,,
1927972279,2016-04-22,,149,0.1,0.1,0.0,0.0,0.0,0.1,0.0,0,0,10,1430,2093,,,,,,
1927972279,2016-04-23,,2945,2.04,2.04,0.0,0.0,0.0,2.04,0.0,0,0,145,1295,2499,,,,,,
1927972279,2016-04-24,,2090,1.45,1.45,0.0,0.07,0.24,1.14,0.0,1,6,75,1358,2324,,,,,,
1927972279,2016-04-25,,152,0.11,0.11,0.0,0.0,0.0,0.11,0.0,0,0,12,1303,2100,,,,,,
1927972279,2016-04-26,,3761,2.6,2.6,0.0,0.0,0.0,2.6,0.0,0,0,192,1058,2638,296.0,1.0,315.0,,,
1927972279,2016-04-27,,0,0.0,0.0,0.0,0.0,0.0,0.0,0.0,0,0,0,1440,2063,,,,,,
1927972279,2016-04-28,,1675,1.16,1.16,0.0,0.0,0.0,1.16,0.0,0,0,95,1167,2351,166.0,1.0,178.0,,,
1927972279,2016-04-29,,0,0.0,0.0,0.0,0.0,0.0,0.0,0.0,0,0,0,1440,2063,,,,,,
1927972279,2016-04-30,,0,0.0,0.0,0.0,0.0,0.0,0.0,0.0,0,0,0,1440,2064,,,,,,
1927972279,2016-05-01,,2704,1.87,1.87,0.0,1.01,0.03,0.83,0.0,14,1,70,1355,2411,,,,,,
1927972279,2016-05-02,,3790,2.62,2.62,0.0,1.16,0.3,1.16,0.0,16,8,94,1322,2505,,,,,,
1927972279,2016-05-03,,1326,0.92,0.92,0.0,0.73,0.0,0.18,0.0,10,0,17,1413,2195,,,,,,
1927972279,2016-05-04,,1786,1.24,1.24,0.0,0.0,0.0,1.24,0.0,0,0,87,1353,2338,,,,,,
1927972279,2016-05-05,,0,0.0,0.0,0.0,0.0,0.0,0.0,0.0,0,0,0,1440,2063,,,,,,
1927972279,2016-05-06,,2091,1.45,1.45,0.0,0.0,0.0,1.45,0.0,0,0,108,1332,2383,,,,,,
1927972279,2016-05-07,,1510,1.04,1.04,0.0,0.0,0.0,1.04,0.0,0,0,48,1392,2229,,,,,,
1927972279,2016-05-08,,0,0.0,0.0,0.0,0.0,0.0,0.0,0.0,0,0,0,1440,2063,,,,,,
1927972279,2016-05-09,,0,0.0,0.0,0.0,0.0,0.0,0.0,0.0,0,0,0,1440,2063,,,,,,
1927972279,2016-05-10,,0,0.0,0.0,0.0,0.0,0.0,0.0,0.0,0,0,0,1440,2063,,,,,,
1927972279,2016-05-11,,0,0.0,0.0,0.0,0.0,0.0,0.0,0.0,0,0,0,1440,2063,,,,,,
1927972279,2016-05-12,,0,0.0,0.0,0.0,0.0,0.0,0.0,0.0,0,0,0,966,1383,,,,,,
2022484408,2016-04-12,74.05,11875,8.34,8.34,0.0,3.31,0.77,4.26,0.0,42,14,227,1157,2390,,,,,,
2022484408,2016-04-13,78.64,12024,8.5,8.5,0.0,2.99,0.1,5.41,0.0,43,5,292,1100,2601,,,,,,
2022484408,2016-04-14,70.55,10690,7.5,7.5,0.0,2.48,0.21,4.82,0.0,32,3,257,1148,2312,,,,,,
2022484408,2016-04-15,78.63,11034,8.03,8.03,0.0,1.94,0.31,5.78,0.0,27,9,282,1122,2525,,,,,,
2022484408,2016-04-16,74.5,10100,7.09,7.09,0.0,3.15,0.55,3.39,0.0,41,11,151,1237,2177,,,,,,
2022484408,2016-04-17,82.75,15112,11.4,11.4,0.0,3.87,0.66,6.88,0.0,28,29,331,1052,2782,,,,,,
2022484408,2016-04-18,80.92,14131,10.07,10.07,0.0,3.64,0.12,6.3,0.0,48,3,311,1078,2770,,,,,,
2022484408,2016-04-19,80.86,11548,8.53,8.53,0.0,3.29,0.24,5.0,0.0,31,7,250,1152,2489,,,,,,
2022484408,2016-04-20,81.53,15112,10.67,10.67,0.0,3.34,1.93,5.4,0.0,48,63,276,1053,2897,,,,,,
2022484408,2016-04-21,86.21,12453,8.74,8.74,0.0,3.33,1.11,4.31,0.0,104,53,255,1028,3158,,,,,,
2022484408,2016-04-22,78.04,12954,9.33,9.33,0.0,4.43,0.42,4.47,0.0,52,10,273,1105,2638,,,,,,
2022484408,2016-04-23,70.64,6001,4.21,4.21,0.0,0.0,0.0,4.21,0.0,0,0,249,1191,2069,,,,,,
2022484408,2016-04-24,80.55,13481,10.28,10.28,0.0,4.55,1.15,4.58,0.0,37,26,216,1161,2529,,,,,,
2022484408,2016-04-25,79.66,11369,8.01,8.01,0.0,3.33,0.22,4.46,0.0,44,8,217,1171,2470,,,,,,
2022484408,2016-04-26,81.38,10119,7.19,7.19,0.0,1.43,0.66,5.11,0.0,55,24,275,1086,2793,,,,,,
2022484408,2016-04-27,79.47,10159,7.13,7.13,0.0,1.04,0.97,5.12,0.0,19,20,282,1119,2463,,,,,,
2022484408,2016-04-28,69.96,10140,7.12,7.12,0.0,0.41,1.33,5.39,0.0,6,20,291,1123,2296,,,,,,
2022484408,2016-04-29,81.88,10245,7.19,7.19,0.0,0.48,1.21,5.5,0.0,21,40,281,1098,2611,,,,,,
2022484408,2016-04-30,75.73,18387,12.91,12.91,0.0,0.94,1.4,10.57,0.0,13,23,361,1043,2732,,,,,,
2022484408,2016-05-01,72.11,10538,7.4,7.4,0.0,1.94,0.96,4.5,0.0,25,28,245,1142,2380,,,,,,
2022484408,2016-05-02,76.24,10379,7.29,7.29,0.0,2.61,0.34,4.33,0.0,36,8,277,1119,2473,,,,,,
2022484408,2016-05-03,81.06,12183,8.74,8.74,0.0,3.99,0.46,4.28,0.0,72,14,250,1104,2752,,,,,,
2022484408,2016-05-04,81.01,11768,8.29,8.29,0.0,2.51,0.93,4.85,0.0,36,27,272,1105,2649,,,,,,
2022484408,2016-05-05,80.2,11895,8.35,8.35,0.0,2.79,0.86,4.7,0.0,55,20,253,1112,2609,,,,,,
2022484408,2016-05-06,80.82,10227,7.18,7.18,0.0,1.87,0.67,4.64,0.0,24,17,295,1104,2498,,,,,,
2022484408,2016-05-07,73.99,6708,4.71,4.71,0.0,1.61,0.08,3.02,0.0,20,2,149,1269,1995,,,,,,
2022484408,2016-05-08,76.71,3292,2.31,2.31,0.0,0.0,0.0,2.31,0.0,0,0,135,1305,1848,,,,,,
2022484408,2016-05-09,78.56,13379,9.39,9.39,0.0,2.12,1.63,5.64,0.0,35,47,297,1061,2709,,,,,,
2022484408,2016-05-10,85.23,12798,8.98,8.98,0.0,2.22,1.21,5.56,0.0,57,28,271,1084,2797,,,,,,
2022484408,2016-05-11,82.04,13272,9.32,9.32,0.0,4.18,1.15,3.99,0.0,58,25,224,1133,2544,,,,,,
2022484408,2016-05-12,80.08,9117,6.41,6.41,0.0,1.28,0.67,4.44,0.0,16,16,236,728,1853,,,,,,
2026352035,2016-04-12,,4414,2.74,2.74,0.0,0.19,0.35,2.2,0.0,3,8,181,706,1459,503.0,1.0,546.0,,,
2026352035,2016-04-13,,4993,3.1,3.1,0.0,0.0,0.0,3.1,0.0,0,0,238,663,1521,531.0,1.0,565.0,,,
2026352035,2016-04-14,,3335,2.07,2.07,0.0,0.0,0.0,2.05,0.0,0,0,197,653,1431,545.0,1.0,568.0,,,
2026352035,2016-04-15,,3821,2.37,2.37,0.0,0.0,0.0,2.37,0.0,0,0,188,687,1444,523.0,1.0,573.0,,,
2026352035,2016-04-16,,2547,1.58,1.58,0.0,0.0,0.0,1.58,0.0,0,0,150,728,1373,524.0,1.0,567.0,,,
2026352035,2016-04-17,68.6,838,0.52,0.52,0.0,0.0,0.0,0.52,0.0,0,0,60,1053,1214,437.0,1.0,498.0,,,
2026352035,2016-04-18,,3325,2.06,2.06,0.0,0.0,0.0,2.06,0.0,0,0,182,1062,1419,,,,,,
2026352035,2016-04-19,,2424,1.5,1.5,0.0,0.0,0.0,1.5,0.0,0,0,141,785,1356,498.0,1.0,540.0,,,
2026352035,2016-04-20,,7222,4.48,4.48,0.0,0.0,0.0,4.48,0.0,0,0,327,623,1667,461.0,1.0,510.0,,,
2026352035,2016-04-21,,2467,1.53,1.53,0.0,0.0,0.0,1.53,0.0,0,0,153,749,1370,477.0,1.0,514.0,,,
2026352035,2016-04-22,,2915,1.81,1.81,0.0,0.0,0.0,1.81,0.0,0,0,162,712,1399,520.0,1.0,545.0,,,
2026352035,2016-04-23,,12357,7.71,7.71,0.0,0.0,0.0,7.71,0.0,0,0,432,458,1916,522.0,1.0,554.0,,,
2026352035,2016-04-24,,3490,2.16,2.16,0.0,0.0,0.0,2.16,0.0,0,0,164,704,1401,555.0,1.0,591.0,,,
2026352035,2016-04-25,99.12,6017,3.73,3.73,0.0,0.0,0.0,3.73,0.0,0,0,260,821,1576,506.0,1.0,531.0,,,
2026352035,2016-04-26,,5933,3.68,3.68,0.0,0.0,0.0,3.68,0.0,0,0,288,1018,1595,,,,,,
2026352035,2016-04-27,,6088,3.77,3.77,0.0,0.0,0.0,3.77,0.0,0,0,286,586,1593,508.0,1.0,545.0,,,
2026352035,2016-04-28,,6375,3.95,3.95,0.0,0.0,0.0,3.95,0.0,0,0,331,626,1649,513.0,1.0,545.0,,,
2026352035,2016-04-29,,7604,4.71,4.71,0.0,0.0,0.0,4.71,0.0,0,0,352,492,1692,490.0,1.0,510.0,,,
2026352035,2016-04-30,,4729,2.93,2.93,0.0,0.0,0.0,2.93,0.0,0,0,233,594,1506,573.0,1.0,607.0,,,
2026352035,2016-05-01,,3609,2.28,2.28,0.0,0.0,0.0,2.28,0.0,0,0,191,716,1447,527.0,1.0,546.0,,,
2026352035,2016-05-02,83.24,7018,4.35,4.35,0.0,0.0,0.0,4.35,0.0,0,0,355,716,1690,511.0,1.0,543.0,,,
2026352035,2016-05-03,,5992,3.72,3.72,0.0,0.0,0.0,3.72,0.0,0,0,304,981,1604,,,,,,
2026352035,2016-05-04,,6564,4.07,4.07,0.0,0.0,0.0,4.07,0.0,0,0,345,530,1658,538.0,1.0,560.0,,,
2026352035,2016-05-05,,12167,7.54,7.54,0.0,0.0,0.0,7.54,0.0,0,0,475,479,1926,468.0,1.0,485.0,,,
2026352035,2016-05-06,,8198,5.08,5.08,0.0,0.0,0.0,5.08,0.0,0,0,383,511,1736,524.0,1.0,548.0,,,
2026352035,2016-05-07,,4193,2.6,2.6,0.0,0.0,0.0,2.6,0.0,0,0,229,665,1491,511.0,1.0,521.0,,,
2026352035,2016-05-08,,5528,3.45,3.45,0.0,0.0,0.0,3.45,0.0,0,0,258,610,1555,541.0,1.0,568.0,,,
2026352035,2016-05-09,97.62,10685,6.62,6.62,0.0,0.0,0.0,6.6,0.0,0,0,401,543,1869,531.0,1.0,556.0,,,
2026352035,2016-05-10,,254,0.16,0.16,0.0,0.0,0.0,0.16,0.0,0,0,17,1002,1141,357.0,1.0,380.0,,,
2026352035,2016-05-11,,8580,5.32,5.32,0.0,0.0,0.0,5.32,0.0,0,0,330,569,1698,523.0,1.0,553.0,,,
2026352035,2016-05-12,,8891,5.51,5.51,0.0,0.0,0.0,5.51,0.0,0,0,343,330,1364,456.0,1.0,485.0,,,
2320127002,2016-04-12,,10725,7.49,7.49,0.0,1.17,0.31,6.01,0.0,13,9,306,1112,2124,,,,,,
2320127002,2016-04-13,,7275,4.9,4.9,0.0,0.0,0.0,4.9,0.0,0,0,335,1105,2003,,,,,,
2320127002,2016-04-14,,3973,2.68,2.68,0.0,0.0,0.0,2.68,0.0,0,0,191,1249,1696,,,,,,
2320127002,2016-04-15,,5205,3.51,3.51,0.0,0.0,0.0,3.51,0.0,0,0,245,1195,1801,,,,,,
2320127002,2016-04-16,,5057,3.41,3.41,0.0,0.0,0.0,3.4,0.0,0,0,195,1245,1724,,,,,,
2320127002,2016-04-17,,6198,4.18,4.18,0.0,0.0,0.0,4.18,0.0,0,0,249,1191,1852,,,,,,
2320127002,2016-04-18,,6559,4.42,4.42,0.0,0.0,0.26,4.14,0.0,0,7,260,1173,1905,,,,,,
2320127002,2016-04-19,,5997,4.04,4.04,0.0,0.0,0.38,3.66,0.0,0,11,228,1201,1811,,,,,,
2320127002,2016-04-20,,7192,4.85,4.85,0.0,0.0,0.49,4.34,0.0,0,11,283,1146,1922,,,,,,
2320127002,2016-04-21,,3404,2.29,2.29,0.0,0.06,0.42,1.81,0.0,1,10,127,1302,1610,,,,,,
2320127002,2016-04-22,,5583,3.76,3.76,0.0,0.0,0.0,3.76,0.0,0,0,266,1174,1851,,,,,,
2320127002,2016-04-23,,5079,3.42,3.42,0.0,0.0,0.0,3.42,0.0,0,0,242,1129,1804,61.0,1.0,69.0,,,
2320127002,2016-04-24,,4165,2.81,2.81,0.0,0.0,0.0,2.8,0.0,0,0,204,1236,1725,,,,,,
2320127002,2016-04-25,,3588,2.42,2.42,0.0,0.23,0.2,1.99,0.0,3,5,152,1280,1654,,,,,,
2320127002,2016-04-26,,3409,2.3,2.3,0.0,0.0,0.0,2.3,0.0,0,0,147,1293,1632,,,,,,
2320127002,2016-04-27,,1715,1.16,1.16,0.0,0.0,0.0,1.16,0.0,0,0,82,1358,1481,,,,,,
2320127002,2016-04-28,,1532,1.03,1.03,0.0,0.0,0.0,1.03,0.0,0,0,76,1364,1473,,,,,,
2320127002,2016-04-29,,924,0.62,0.62,0.0,0.0,0.0,0.62,0.0,0,0,45,1395,1410,,,,,,
2320127002,2016-04-30,,4571,3.08,3.08,0.0,0.0,0.0,3.07,0.0,0,0,234,1206,1779,,,,,,
2320127002,2016-05-01,,772,0.52,0.52,0.0,0.0,0.0,0.52,0.0,0,0,40,1400,1403,,,,,,
2320127002,2016-05-02,,3634,2.45,2.45,0.0,0.36,0.21,1.88,0.0,5,6,123,1306,1613,,,,,,
2320127002,2016-05-03,,7443,5.02,5.02,0.0,1.49,0.37,3.16,0.0,20,10,206,1204,1878,,,,,,
2320127002,2016-05-04,,1201,0.81,0.81,0.0,0.0,0.0,0.81,0.0,0,0,52,1388,1426,,,,,,
2320127002,2016-05-05,,5202,3.51,3.51,0.0,0.0,0.39,3.11,0.0,0,11,223,1206,1780,,,,,,
2320127002,2016-05-06,,4878,3.29,3.29,0.0,0.0,0.0,3.29,0.0,0,0,204,1236,1742,,,,,,
2320127002,2016-05-07,,7379,4.97,4.97,0.0,0.0,0.0,4.97,0.0,0,0,319,1121,1972,,,,,,
2320127002,2016-05-08,,5161,3.48,3.48,0.0,0.0,0.0,3.47,0.0,0,0,247,1193,1821,,,,,,
2320127002,2016-05-09,,3090,2.08,2.08,0.0,0.0,0.0,2.08,0.0,0,0,145,1295,1630,,,,,,
2320127002,2016-05-10,,6227,4.2,4.2,0.0,0.0,0.0,4.2,0.0,0,0,290,1150,1899,,,,,,
2320127002,2016-05-11,,6424,4.33,4.33,0.0,0.0,0.0,4.33,0.0,0,0,300,1140,1903,,,,,,
2320127002,2016-05-12,,2661,1.79,1.79,0.0,0.0,0.0,1.79,0.0,0,0,128,830,1125,,,,,,
2347167796,2016-04-12,84.6,10113,6.83,6.83,0.0,2.0,0.62,4.2,0.0,28,13,320,964,2344,,,,,,
2347167796,2016-04-13,72.26,10352,7.01,7.01,0.0,1.66,1.94,3.41,0.0,19,32,195,676,2038,467.0,1.0,531.0,,,
2347167796,2016-04-14,71.26,10129,6.7,6.7,0.0,0.02,2.74,3.94,0.0,1,48,206,705,2010,445.0,1.0,489.0,,,
2347167796,2016-04-15,72.77,10465,6.92,6.92,0.0,0.07,1.42,5.43,0.0,1,24,284,720,2133,452.0,1.0,504.0,,,
2347167796,2016-04-16,86.95,22244,15.08,15.08,0.0,5.45,4.1,5.53,0.0,66,72,268,968,2670,,,,,,
2347167796,2016-04-17,74.25,5472,3.62,3.62,0.0,0.08,0.28,3.26,0.0,1,7,249,508,1882,556.0,1.0,602.0,,,
2347167796,2016-04-18,69.61,8247,5.45,5.45,0.0,0.79,0.86,3.79,0.0,11,16,206,678,1944,500.0,1.0,557.0,,,
2347167796,2016-04-19,79.97,6711,4.44,4.44,0.0,0.0,0.0,4.44,0.0,0,7,382,648,2346,465.0,1.0,514.0,,,
2347167796,2016-04-20,76.25,10999,7.27,7.27,0.0,0.68,1.81,4.78,0.0,11,43,269,1011,2198,,,,,,
2347167796,2016-04-21,71.58,10080,6.75,6.75,0.0,1.85,1.53,3.38,0.0,23,26,208,761,2048,460.0,1.0,484.0,,,
2347167796,2016-04-22,70.56,7804,5.16,5.16,0.0,0.56,1.68,2.92,0.0,9,27,206,781,1946,405.0,1.0,461.0,,,
2347167796,2016-04-23,80.4,16901,11.37,11.37,0.0,2.78,1.45,7.15,0.0,32,35,360,591,2629,374.0,1.0,386.0,,,
2347167796,2016-04-24,76.02,9471,6.26,6.26,0.0,0.0,0.0,6.26,0.0,0,0,360,584,2187,442.0,1.0,459.0,,,
2347167796,2016-04-25,72.17,9482,6.38,6.38,0.0,1.27,0.52,4.6,0.0,15,11,277,653,2095,433.0,1.0,471.0,,,
2347167796,2016-04-26,70.71,5980,3.95,3.95,0.0,0.0,0.0,3.95,0.0,0,0,227,732,1861,436.0,1.0,490.0,,,
2347167796,2016-04-27,72.84,11423,7.58,7.58,0.0,1.86,0.4,5.32,0.0,26,9,295,623,2194,448.0,1.0,499.0,,,
2347167796,2016-04-28,72.4,5439,3.6,3.6,0.0,0.0,0.0,3.6,0.0,0,0,229,764,1854,408.0,1.0,450.0,,,
2347167796,2016-04-29,62.49,42,0.03,0.03,0.0,0.0,0.0,0.03,0.0,0,0,4,2,403,411.0,1.0,473.0,,,
2873212765,2016-04-12,,8796,5.91,5.91,0.0,0.11,0.93,4.88,0.0,2,21,356,1061,1982,,,,,,
2873212765,2016-04-13,,7618,5.12,5.12,0.0,0.0,0.22,4.88,0.02,0,8,404,1028,2004,,,,,,
2873212765,2016-04-14,,7910,5.32,5.32,0.0,0.0,0.0,5.32,0.0,0,0,331,1109,1893,,,,,,
2873212765,2016-04-15,,8482,5.7,5.7,0.0,0.0,0.0,5.69,0.01,0,0,448,992,2063,,,,,,
2873212765,2016-04-16,,9685,6.65,6.65,0.0,3.11,0.02,3.51,0.01,47,1,305,1087,2148,,,,,,
2873212765,2016-04-17,,2524,1.7,1.7,0.0,0.0,0.35,1.34,0.0,0,8,160,1272,1529,,,,,,
2873212765,2016-04-18,,7762,5.24,5.24,0.0,0.07,0.28,4.89,0.0,1,6,311,1122,1890,,,,,,
2873212765,2016-04-19,,7948,5.37,5.37,0.0,0.0,0.0,5.36,0.0,0,0,389,1051,1956,,,,,,
2873212765,2016-04-20,,9202,6.3,6.3,0.0,1.51,0.12,4.66,0.01,22,5,378,1035,2094,,,,,,
2873212765,2016-04-21,,8859,5.98,5.98,0.0,0.13,0.37,5.47,0.01,2,10,371,1057,1970,,,,21.45,56.7,125.0
2873212765,2016-04-22,,7286,4.9,4.9,0.0,0.46,0.0,4.42,0.02,46,0,366,1028,2241,,,,,,
2873212765,2016-04-23,,9317,6.35,6.35,0.0,2.09,0.23,4.02,0.01,28,5,330,1077,2021,,,,,,
2873212765,2016-04-24,,6873,4.68,4.68,0.0,3.0,0.06,1.62,0.0,46,1,190,1203,1898,,,,,,
2873212765,2016-04-25,,7373,4.95,4.95,0.0,0.0,0.0,4.95,0.0,0,0,359,1081,1907,,,,,,
2873212765,2016-04-26,,8242,5.54,5.54,0.0,0.12,0.18,5.24,0.0,2,5,309,1124,1882,,,,,,
2873212765,2016-04-27,,3516,2.36,2.36,0.0,0.0,0.0,2.36,0.0,46,0,197,1197,1966,,,,,,
2873212765,2016-04-28,,7913,5.41,5.41,0.0,2.16,0.34,2.91,0.0,28,7,213,1192,1835,,,,,,
2873212765,2016-04-29,,7365,4.95,4.95,0.0,1.36,1.41,2.18,0.0,20,23,206,1191,1780,,,,,,
2873212765,2016-04-30,,8452,5.68,5.68,0.0,0.33,1.08,4.26,0.01,5,20,248,1167,1830,,,,,,
2873212765,2016-05-01,,7399,4.97,4.97,0.0,0.49,1.04,3.44,0.0,7,18,196,1219,1739,,,,,,
2873212765,2016-05-02,,7525,5.06,5.06,0.0,0.0,0.21,4.83,0.02,0,7,334,1099,1878,,,,,,
2873212765,2016-05-03,,7412,4.98,4.98,0.0,0.06,0.25,4.66,0.01,1,6,363,1070,1906,,,,,,
2873212765,2016-05-04,,8278,5.56,5.56,0.0,0.0,0.0,5.56,0.0,0,0,420,1020,2015,,,,,,
2873212765,2016-05-05,,8314,5.61,5.61,0.0,0.78,0.8,4.03,0.0,13,23,311,1093,1971,,,,,,
2873212765,2016-05-06,,7063,4.75,4.75,0.0,0.0,0.12,4.61,0.01,0,5,370,1065,1910,,,,,,
2873212765,2016-05-07,,4940,3.38,3.38,0.0,2.28,0.55,0.55,0.0,75,11,52,1302,1897,,,,,,
2873212765,2016-05-08,,8168,5.54,5.54,0.0,2.9,0.0,2.64,0.0,46,0,326,1068,2096,,,,,,
2873212765,2016-05-09,,7726,5.19,5.19,0.0,0.0,0.0,5.19,0.0,0,0,345,1095,1906,,,,,,
2873212765,2016-05-10,,8275,5.56,5.56,0.0,0.0,0.0,5.55,0.01,0,0,373,1067,1962,,,,,,
2873212765,2016-05-11,,6440,4.33,4.33,0.0,0.0,0.0,4.32,0.01,0,0,319,1121,1826,,,,,,
2873212765,2016-05-12,,7566,5.11,5.11,0.0,0.0,0.0,5.11,0.0,0,0,268,720,1431,,,,21.69,57.3,126.32
3372868164,2016-04-12,,4747,3.24,3.24,0.0,0.0,0.0,3.23,0.01,0,0,280,1160,1788,,,,,,
3372868164,2016-04-13,,9715,6.63,6.63,0.0,0.99,0.34,5.27,0.02,16,8,371,1045,2093,,,,,,
3372868164,2016-04-14,,8844,6.03,6.03,0.0,0.34,1.03,4.65,0.01,6,25,370,1039,2065,,,,,,
3372868164,2016-04-15,,7451,5.08,5.08,0.0,0.0,0.0,5.06,0.02,0,0,335,1105,1908,,,,,,
3372868164,2016-04-16,,6905,4.73,4.73,0.0,0.0,0.0,4.7,0.03,0,0,356,1084,1908,,,,,,
3372868164,2016-04-17,,8199,5.88,5.88,0.0,1.41,0.1,4.36,0.01,11,2,322,1105,1964,,,,,,
3372868164,2016-04-18,,6798,4.64,4.64,0.0,1.08,0.2,3.35,0.0,20,7,343,1070,2014,,,,,,
3372868164,2016-04-19,,7711,5.26,5.26,0.0,0.0,0.0,5.24,0.02,0,0,376,1064,1985,,,,,,
3372868164,2016-04-20,,4880,3.33,3.33,0.0,0.84,0.09,2.38,0.02,15,3,274,1148,1867,,,,,,
3372868164,2016-04-21,,8857,6.07,6.07,0.0,1.15,0.26,4.64,0.01,18,9,376,1037,2124,,,,,,
3372868164,2016-04-22,,3843,2.62,2.62,0.0,0.0,0.0,2.61,0.01,0,0,206,1234,1669,,,,,,
3372868164,2016-04-23,,7396,5.07,5.07,0.0,1.4,0.08,3.58,0.0,20,2,303,1115,1995,,,,,,
3372868164,2016-04-24,,6731,4.59,4.59,0.0,0.89,0.19,3.49,0.02,14,7,292,1127,1921,,,,,,
3372868164,2016-04-25,,5995,4.09,4.09,0.0,0.0,0.0,4.09,0.0,0,0,416,1024,2010,,,,,,
3372868164,2016-04-26,,8283,5.79,5.79,0.0,1.85,0.05,3.87,0.01,22,2,333,1083,2057,,,,,,
3372868164,2016-04-27,,7904,5.42,5.42,0.0,1.58,0.63,3.19,0.01,24,13,346,1057,2095,,,,,,
3372868164,2016-04-28,,5512,3.76,3.76,0.0,0.0,0.0,3.76,0.0,0,0,385,1055,1972,,,,,,
3372868164,2016-04-29,,9135,6.23,6.23,0.0,0.0,0.0,6.22,0.01,0,0,402,1038,2044,,,,,,
3372868164,2016-04-30,,5250,3.58,3.58,0.0,1.06,0.09,2.42,0.01,17,4,300,1119,1946,,,,,,
3372868164,2016-05-01,,3077,2.1,2.1,0.0,0.0,0.0,2.09,0.0,0,0,172,842,1237,,,,,,
3977333714,2016-04-12,,8856,5.98,5.98,0.0,3.06,0.91,2.01,0.0,44,19,131,777,1450,274.0,1.0,469.0,,,
3977333714,2016-04-13,,10035,6.71,6.71,0.0,2.03,2.13,2.55,0.0,31,46,153,754,1495,295.0,2.0,456.0,,,
3977333714,2016-04-14,,7641,5.11,5.11,0.0,0.32,0.97,3.82,0.0,5,23,214,801,1433,291.0,1.0,397.0,,,
3977333714,2016-04-15,,9010,6.06,6.06,0.0,1.05,1.75,3.26,0.0,15,42,183,644,1468,424.0,1.0,556.0,,,
3977333714,2016-04-16,,13459,9.0,9.0,0.0,2.03,4.0,2.97,0.0,31,83,153,663,1625,283.0,1.0,510.0,,,
3977333714,2016-04-17,,10415,6.97,6.97,0.0,0.7,2.35,3.92,0.0,11,58,205,600,1529,381.0,1.0,566.0,,,
3977333714,2016-04-18,,11663,7.8,7.8,0.0,0.25,3.73,3.82,0.0,4,95,214,605,1584,412.0,2.0,522.0,,,
3977333714,2016-04-19,,12414,8.78,8.78,0.0,2.24,2.45,3.96,0.0,19,67,221,738,1638,219.0,1.0,395.0,,,
3977333714,2016-04-20,,11658,7.83,7.83,0.0,0.2,4.35,3.28,0.0,2,98,164,845,1554,152.0,2.0,305.0,,,
3977333714,2016-04-21,,6093,4.08,4.08,0.0,0.0,0.0,4.06,0.0,0,0,242,712,1397,332.0,1.0,512.0,,,
3977333714,2016-04-22,,8911,5.96,5.96,0.0,2.33,0.58,3.06,0.0,33,12,188,731,1481,355.0,1.0,476.0,,,
3977333714,2016-04-23,,12058,8.07,8.07,0.0,0.0,4.22,3.85,0.0,0,92,252,724,1638,235.0,1.0,372.0,,,
3977333714,2016-04-24,,14112,10.0,10.0,0.0,3.27,4.56,2.17,0.0,30,95,129,660,1655,310.0,1.0,526.0,,,
3977333714,2016-04-25,,11177,8.48,8.48,0.0,5.62,0.43,2.41,0.0,50,9,133,781,1570,262.0,1.0,467.0,,,
3977333714,2016-04-26,,11388,7.62,7.62,0.0,0.45,4.22,2.95,0.0,7,95,170,797,1551,250.0,1.0,371.0,,,
3977333714,2016-04-27,,7193,5.04,5.04,0.0,0.0,0.42,4.62,0.0,0,10,176,714,1377,349.0,1.0,540.0,,,
3977333714,2016-04-28,,7114,4.88,4.88,0.0,1.37,0.29,3.22,0.0,15,8,190,804,1407,261.0,1.0,423.0,,,
3977333714,2016-04-29,,10645,7.75,7.75,0.0,3.74,1.3,2.71,0.0,36,32,150,744,1545,333.0,1.0,478.0,,,
3977333714,2016-04-30,,13238,9.2,9.2,0.0,3.69,2.1,3.41,0.0,43,52,194,687,1650,237.0,1.0,382.0,,,
3977333714,2016-05-01,,10414,7.07,7.07,0.0,2.67,1.98,2.41,0.0,41,40,124,691,1501,383.0,1.0,626.0,,,
3977333714,2016-05-02,,16520,11.05,11.05,0.0,1.54,6.48,3.02,0.0,24,143,176,713,1760,230.0,1.0,384.0,,,
3977333714,2016-05-03,,14335,9.59,9.59,0.0,3.32,1.74,4.53,0.0,47,41,258,594,1710,292.0,1.0,500.0,,,
3977333714,2016-05-04,,13559,9.44,9.44,0.0,1.81,4.58,2.89,0.0,14,96,142,852,1628,213.0,1.0,336.0,,,
3977333714,2016-05-05,,12312,8.58,8.58,0.0,1.76,4.11,2.71,0.0,14,88,178,680,1618,318.0,1.0,480.0,,,
3977333714,2016-05-06,,11677,8.28,8.28,0.0,3.11,2.51,2.67,0.0,29,55,168,676,1590,323.0,1.0,512.0,,,
3977333714,2016-05-07,,11550,7.73,7.73,0.0,0.0,4.13,3.59,0.0,0,86,208,703,1574,237.0,1.0,443.0,,,
3977333714,2016-05-08,,13585,9.09,9.09,0.0,0.68,5.24,3.17,0.0,9,116,171,688,1633,259.0,2.0,456.0,,,
3977333714,2016-05-09,,14687,10.08,10.08,0.0,0.77,5.6,3.55,0.0,8,122,151,1159,1667,,,,,,
3977333714,2016-05-10,,13072,8.78,8.78,0.0,0.07,5.4,3.31,0.0,1,115,196,676,1630,312.0,1.0,452.0,,,
3977333714,2016-05-11,,746,0.5,0.5,0.0,0.37,0.0,0.13,0.0,4,0,9,13,52,,,,,,
4020332650,2016-04-12,83.42,8539,6.12,6.12,0.0,0.15,0.24,5.68,0.0,4,15,331,712,3654,501.0,1.0,541.0,,,
4020332650,2016-04-13,,0,0.0,0.0,0.0,0.0,0.0,0.0,0.0,0,0,0,1440,1981,,,,,,
4020332650,2016-04-14,89.85,108,0.08,0.08,0.0,0.0,0.0,0.03,0.0,0,0,3,1437,2011,,,,,,
4020332650,2016-04-15,91.95,1882,1.35,1.35,0.0,0.21,0.36,0.77,0.0,36,18,87,1299,2951,,,,,,
4020332650,2016-04-16,99.49,1982,1.42,1.42,0.0,0.45,0.37,0.59,0.0,65,21,55,1222,3051,77.0,1.0,77.0,,,
4020332650,2016-04-17,96.0,16,0.01,0.01,0.0,0.0,0.0,0.01,0.0,0,0,2,1438,1990,,,,,,
4020332650,2016-04-18,,62,0.04,0.04,0.0,0.0,0.0,0.04,0.0,0,0,2,1438,1995,,,,,,
4020332650,2016-04-19,,0,0.0,0.0,0.0,0.0,0.0,0.0,0.0,0,0,0,1440,1980,,,,,,
4020332650,2016-04-20,,0,0.0,0.0,0.0,0.0,0.0,0.0,0.0,0,0,0,1440,1980,,,,,,
4020332650,2016-04-21,,0,0.0,0.0,0.0,0.0,0.0,0.0,0.0,0,0,0,1440,1980,,,,,,
4020332650,2016-04-22,,0,0.0,0.0,0.0,0.0,0.0,0.0,0.0,0,0,0,1440,1980,,,,,,
4020332650,2016-04-23,,0,0.0,0.0,0.0,0.0,0.0,0.0,0.0,0,0,0,1440,1980,,,,,,
4020332650,2016-04-24,,0,0.0,0.0,0.0,0.0,0.0,0.0,0.0,0,0,0,1440,1980,,,,,,
4020332650,2016-04-25,,0,0.0,0.0,0.0,0.0,0.0,0.0,0.0,0,0,0,1440,1980,,,,,,
4020332650,2016-04-26,,0,0.0,0.0,0.0,0.0,0.0,0.0,0.0,0,0,0,1440,1980,,,,,,
4020332650,2016-04-27,,0,0.0,0.0,0.0,0.0,0.0,0.0,0.0,0,0,0,1440,1980,,,,,,
4020332650,2016-04-28,,0,0.0,0.0,0.0,0.0,0.0,0.0,0.0,0,0,0,1440,1980,,,,,,
4020332650,2016-04-29,,0,0.0,0.0,0.0,0.0,0.0,0.0,0.0,0,0,0,1440,1980,,,,,,
4020332650,2016-04-30,,0,0.0,0.0,0.0,0.0,0.0,0.0,0.0,0,0,0,1440,1980,,,,,,
4020332650,2016-05-01,,0,0.0,0.0,0.0,0.0,0.0,0.0,0.0,0,0,0,1440,1980,,,,,,
4020332650,2016-05-02,90.14,475,0.34,0.34,0.0,0.0,0.04,0.29,0.0,0,11,31,1350,2207,,,,,,
4020332650,2016-05-03,77.8,4496,3.22,3.22,0.0,0.0,0.0,3.15,0.05,0,0,174,950,2828,322.0,1.0,332.0,,,
4020332650,2016-05-04,83.17,10252,7.35,7.35,0.0,0.67,1.04,5.58,0.0,13,46,346,531,3879,478.0,1.0,536.0,,,
4020332650,2016-05-05,85.25,11728,8.43,8.43,0.0,2.62,1.68,4.04,0.07,38,42,196,916,3429,226.0,1.0,248.0,,,
4020332650,2016-05-06,75.45,4369,3.13,3.13,0.0,0.0,0.0,3.1,0.01,0,0,177,855,2704,385.0,1.0,408.0,,,
4020332650,2016-05-07,88.93,6132,4.4,4.4,0.0,0.0,0.0,3.58,0.0,0,0,184,1256,2975,,,,,,
4020332650,2016-05-08,77.55,5862,4.2,4.2,0.0,0.0,0.0,4.15,0.0,0,0,263,775,3089,364.0,1.0,402.0,,,
4020332650,2016-05-09,86.28,4556,3.27,3.27,0.0,0.2,0.12,2.94,0.0,3,5,173,1225,2785,,,,,,
4020332650,2016-05-10,72.15,5546,3.98,3.98,0.0,0.0,0.0,3.87,0.04,0,0,206,774,2926,442.0,1.0,494.0,,,
4020332650,2016-05-11,90.77,3689,2.65,2.65,0.0,0.11,0.17,2.33,0.0,2,8,134,1296,2645,,,,,,
4020332650,2016-05-12,93.28,590,0.42,0.42,0.0,0.0,0.0,0.41,0.0,0,0,21,721,1120,,,,,,
4057192912,2016-04-12,,5394,4.03,4.03,0.0,0.0,0.0,3.94,0.0,0,0,164,1276,2286,,,,,,
4057192912,2016-04-13,,5974,4.47,4.47,0.0,0.0,0.0,4.37,0.0,0,0,160,1280,2306,,,,,,
4057192912,2016-04-14,,0,0.0,0.0,0.0,0.0,0.0,0.0,0.0,0,0,0,1440,1776,,,,,,
4057192912,2016-04-15,,3984,2.95,2.95,0.0,0.21,0.26,2.44,0.0,3,6,88,873,1527,,,,,,
4319703577,2016-04-12,,7753,5.2,5.2,0.0,0.0,0.0,0.0,0.0,0,0,0,1440,2115,,,,,,
4319703577,2016-04-13,,8204,5.5,5.5,0.0,0.53,0.59,1.31,0.0,8,15,96,1234,2135,,,,,,
4319703577,2016-04-14,,10210,6.88,6.88,0.0,0.11,0.33,6.44,0.0,1,9,339,589,2302,535.0,1.0,557.0,,,
4319703577,2016-04-15,,5664,3.8,3.8,0.0,0.0,0.0,3.8,0.0,0,0,228,752,1985,465.0,1.0,491.0,,,
4319703577,2016-04-16,,4744,3.18,3.18,0.0,0.0,0.0,3.18,0.0,0,0,194,724,1884,506.0,1.0,522.0,,,
4319703577,2016-04-17,,29,0.02,0.02,0.0,0.0,0.0,0.02,0.0,0,0,3,1363,1464,,,,27.45,72.4,159.61
4319703577,2016-04-18,,2276,1.55,1.55,0.0,0.07,0.33,1.12,0.0,1,9,58,824,1632,515.0,1.0,551.0,,,
4319703577,2016-04-19,,8925,5.99,5.99,0.0,0.0,0.0,5.99,0.0,0,0,311,604,2200,461.0,2.0,498.0,,,
4319703577,2016-04-20,,8954,6.01,6.01,0.0,0.0,0.68,5.31,0.0,0,18,306,671,2220,523.0,1.0,543.0,,,
4319703577,2016-04-21,,3702,2.48,2.48,0.0,0.0,0.0,0.35,0.0,0,0,34,1265,1792,59.0,1.0,65.0,,,
4319703577,2016-04-22,,4500,3.02,3.02,0.0,0.06,0.81,2.15,0.0,1,19,176,709,1886,533.0,1.0,550.0,,,
4319703577,2016-04-23,,4935,3.31,3.31,0.0,0.0,0.0,3.31,0.0,0,0,233,546,1945,692.0,1.0,722.0,,,
4319703577,2016-04-24,,4081,2.74,2.74,0.0,0.06,0.2,2.47,0.0,1,5,191,692,1880,467.0,1.0,501.0,,,
4319703577,2016-04-25,,9259,6.21,6.21,0.0,0.0,0.28,5.93,0.0,0,8,390,544,2314,488.0,1.0,506.0,,,
4319703577,2016-04-26,,9899,6.64,6.64,0.0,0.57,0.92,5.15,0.0,8,21,288,649,2236,505.0,1.0,516.0,,,
4319703577,2016-04-27,,10780,7.23,7.23,0.0,0.41,1.92,4.91,0.0,6,47,300,680,2324,286.0,1.0,307.0,,,
4319703577,2016-04-28,,10817,7.28,7.28,0.0,1.01,0.33,5.94,0.0,13,8,359,552,2367,497.0,1.0,522.0,,,
4319703577,2016-04-29,,7990,5.36,5.36,0.0,0.45,0.79,4.12,0.0,6,18,289,624,2175,523.0,1.0,546.0,,,
4319703577,2016-04-30,,8221,5.52,5.52,0.0,0.4,1.61,3.51,0.0,6,38,196,695,2092,490.0,1.0,516.0,,,
4319703577,2016-05-01,,1251,0.84,0.84,0.0,0.0,0.0,0.84,0.0,0,0,67,836,1593,484.0,1.0,500.0,,,
4319703577,2016-05-02,,9261,6.24,6.24,0.0,0.0,0.44,5.71,0.0,0,11,344,585,2270,478.0,1.0,506.0,,,
4319703577,2016-05-03,,9648,6.47,6.47,0.0,0.58,1.07,4.83,0.0,8,26,287,669,2235,474.0,1.0,512.0,,,
4319703577,2016-05-04,,10429,7.02,7.02,0.0,0.59,0.58,5.85,0.0,8,13,313,1106,2282,,,,27.38,72.3,159.39
4319703577,2016-05-05,,13658,9.49,9.49,0.0,2.63,1.41,5.45,0.0,27,34,328,957,2530,,,,,,
4319703577,2016-05-06,,9524,6.42,6.42,0.0,0.41,0.47,5.46,0.0,6,11,314,692,2266,450.0,1.0,491.0,,,
4319703577,2016-05-07,,7937,5.33,5.33,0.0,0.19,1.05,4.08,0.0,3,28,279,586,2158,507.0,1.0,530.0,,,
4319703577,2016-05-08,,3672,2.46,2.46,0.0,0.0,0.0,2.46,0.0,0,0,153,603,1792,602.0,1.0,638.0,,,
4319703577,2016-05-09,,10378,6.96,6.96,0.0,0.14,0.56,6.25,0.0,2,14,374,490,2345,535.0,1.0,565.0,,,
4319703577,2016-05-10,,9487,6.37,6.37,0.0,0.21,0.46,5.7,0.0,3,12,329,555,2260,487.0,1.0,517.0,,,
4319703577,2016-05-11,,9129,6.13,6.13,0.0,0.2,0.74,5.18,0.0,3,18,311,574,2232,529.0,1.0,558.0,,,
4319703577,2016-05-12,,17,0.01,0.01,0.0,0.0,0.0,0.01,0.0,0,0,2,0,257,302.0,1.0,321.0,,,
4388161847,2016-04-12,,10122,7.78,7.78,0.0,0.0,0.0,0.0,0.0,0,0,0,1440,2955,,,,,,
4388161847,2016-04-13,64.83,10993,8.45,8.45,0.0,0.06,0.63,3.88,0.0,1,14,150,1275,3092,,,,,,
4388161847,2016-04-14,66.59,8863,6.82,6.82,0.0,0.13,1.07,5.62,0.0,10,35,219,945,2998,,,,,,
4388161847,2016-04-15,65.89,8758,6.73,6.73,0.0,0.0,0.0,6.73,0.0,0,0,299,837,3066,499.0,1.0,526.0,,,
4388161847,2016-04-16,74.21,6580,5.06,5.06,0.0,0.21,0.4,4.45,0.0,6,9,253,609,3073,426.0,2.0,448.0,,,
4388161847,2016-04-17,65.43,4660,3.58,3.58,0.0,0.0,0.0,3.58,0.0,0,0,201,721,2572,619.0,2.0,641.0,,,
4388161847,2016-04-18,73.34,11009,9.1,9.1,0.0,3.56,0.4,5.14,0.0,27,8,239,1017,3274,99.0,1.0,104.0,,,
4388161847,2016-04-19,63.37,10181,7.83,7.83,0.0,1.37,0.69,5.77,0.0,20,16,249,704,3015,329.0,1.0,338.0,,,
4388161847,2016-04-20,63.43,10553,8.12,8.12,0.0,1.1,1.72,5.29,0.0,19,42,228,696,3083,421.0,1.0,451.0,,,
4388161847,2016-04-21,61.25,10055,7.73,7.73,0.0,0.37,0.39,6.98,0.0,7,12,272,853,3069,442.0,1.0,458.0,,,
4388161847,2016-04-22,71.5,12139,9.34,9.34,0.0,3.3,1.11,4.92,0.0,77,25,220,945,3544,82.0,1.0,85.0,,,
4388161847,2016-04-23,64.46,13236,10.18,10.18,0.0,4.5,0.32,5.35,0.0,58,5,215,749,3306,478.0,1.0,501.0,,,
4388161847,2016-04-24,60.46,10243,7.88,7.88,0.0,1.08,0.51,6.3,0.0,14,8,239,584,2885,552.0,3.0,595.0,,,
4388161847,2016-04-25,65.41,12961,9.97,9.97,0.0,0.73,1.4,7.84,0.0,11,31,301,1054,3288,,,,,,
4388161847,2016-04-26,60.88,9461,7.28,7.28,0.0,0.94,1.06,5.27,0.0,14,23,224,673,2929,319.0,1.0,346.0,,,
4388161847,2016-04-27,60.39,11193,8.61,8.61,0.0,0.7,2.51,5.39,0.0,11,48,241,684,3074,439.0,1.0,500.0,,,
4388161847,2016-04-28,60.44,10074,7.75,7.75,0.0,1.29,0.43,6.03,0.0,19,9,234,878,2969,428.0,1.0,458.0,,,
4388161847,2016-04-29,64.99,9232,7.1,7.1,0.0,0.8,0.89,5.42,0.0,13,16,236,1175,2979,,,,,,
4388161847,2016-04-30,62.33,12533,9.64,9.64,0.0,0.7,2.0,6.94,0.0,14,43,300,537,3283,409.0,2.0,430.0,,,
4388161847,2016-05-01,58.37,10255,7.89,7.89,0.0,1.01,0.68,6.2,0.0,12,15,241,579,2926,547.0,1.0,597.0,,,
4388161847,2016-05-02,63.98,10096,8.4,8.4,0.0,3.77,0.08,4.55,0.0,33,4,204,935,3147,368.0,2.0,376.0,,,
4388161847,2016-05-03,64.49,12727,9.79,9.79,0.0,1.13,0.78,7.88,0.0,18,18,306,984,3290,,,,,,
4388161847,2016-05-04,60.27,12375,9.52,9.52,0.0,2.79,0.93,5.8,0.0,35,21,251,632,3162,390.0,1.0,414.0,,,
4388161847,2016-05-05,59.21,9603,7.38,7.38,0.0,0.63,1.67,5.09,0.0,12,39,199,896,2899,471.0,1.0,495.0,,,
4388161847,2016-05-06,67.38,13175,10.13,10.13,0.0,2.11,2.09,5.93,0.0,33,45,262,1100,3425,,,,,,
4388161847,2016-05-07,63.97,22770,17.54,17.54,0.0,9.45,2.77,5.33,0.0,120,56,260,508,4022,472.0,1.0,496.0,,,
4388161847,2016-05-08,67.43,17298,14.38,14.38,0.0,9.89,1.26,3.23,0.0,107,38,178,576,3934,529.0,2.0,541.0,,,
4388161847,2016-05-09,62.28,10218,7.86,7.86,0.0,0.34,0.73,6.79,0.0,6,19,258,1020,3013,62.0,1.0,65.0,,,
4388161847,2016-05-10,59.23,10299,7.92,7.92,0.0,0.81,0.65,6.46,0.0,13,14,267,648,3061,354.0,1.0,375.0,,,
4388161847,2016-05-11,57.87,10201,7.84,7.84,0.0,0.53,0.79,6.53,0.0,8,18,256,858,2954,469.0,1.0,494.0,,,
4388161847,2016-05-12,58.7,3369,2.59,2.59,0.0,0.0,0.0,2.59,0.0,0,0,108,825,1623,,,,,,
4445114986,2016-04-12,,3276,2.2,2.2,0.0,0.0,0.0,2.2,0.0,0,0,196,787,2113,429.0,2.0,457.0,,,
4445114986,2016-04-13,,2961,1.99,1.99,0.0,0.0,0.0,1.99,0.0,0,0,194,840,2095,370.0,2.0,406.0,,,
4445114986,2016-04-14,,3974,2.67,2.67,0.0,0.0,0.0,2.67,0.0,0,0,231,717,2194,441.0,1.0,492.0,,,
4445114986,2016-04-15,,7198,4.83,4.83,0.0,0.0,0.0,4.83,0.0,0,0,350,711,2496,337.0,2.0,379.0,,,
4445114986,2016-04-16,,3945,2.65,2.65,0.0,0.0,0.0,2.65,0.0,0,0,225,716,2180,462.0,1.0,499.0,,,
4445114986,2016-04-17,,2268,1.52,1.52,0.0,0.0,0.0,1.52,0.0,0,0,114,1219,1933,98.0,1.0,107.0,,,
4445114986,2016-04-18,,6155,4.24,4.24,0.0,2.0,0.29,1.95,0.0,25,6,162,1247,2248,,,,,,
4445114986,2016-04-19,,2064,1.39,1.39,0.0,0.0,0.0,1.39,0.0,0,0,121,895,1954,388.0,2.0,424.0,,,
4445114986,2016-04-20,,2072,1.39,1.39,0.0,0.0,0.0,1.39,0.0,0,0,137,841,1974,439.0,1.0,462.0,,,
4445114986,2016-04-21,,3809,2.56,2.56,0.0,0.0,0.0,2.54,0.0,0,0,215,756,2150,436.0,1.0,469.0,,,
4445114986,2016-04-22,,6831,4.58,4.58,0.0,0.0,0.0,4.58,0.0,0,0,317,706,2432,388.0,1.0,417.0,,,
4445114986,2016-04-23,,4363,2.93,2.93,0.0,0.0,0.0,2.93,0.0,0,0,201,1239,2149,,,,,,
4445114986,2016-04-24,,5002,3.36,3.36,0.0,0.0,0.0,3.36,0.0,0,0,244,1196,2247,,,,,,
4445114986,2016-04-25,,3385,2.27,2.27,0.0,0.0,0.0,2.27,0.0,0,0,179,916,2070,328.0,1.0,345.0,,,
4445114986,2016-04-26,,6326,4.41,4.41,0.0,2.41,0.04,1.96,0.0,29,1,180,839,2291,353.0,2.0,391.0,,,
4445114986,2016-04-27,,7243,5.03,5.03,0.0,2.62,0.03,2.38,0.0,32,1,194,839,2361,332.0,1.0,374.0,,,
4445114986,2016-04-28,,4493,3.01,3.01,0.0,0.0,0.0,3.01,0.0,0,0,236,762,2203,419.0,1.0,442.0,,,
4445114986,2016-04-29,,4676,3.14,3.14,0.0,0.0,0.0,3.13,0.0,0,0,226,1106,2196,106.0,1.0,108.0,,,
4445114986,2016-04-30,,6222,4.18,4.18,0.0,0.0,0.0,4.18,0.0,0,0,290,797,2363,322.0,1.0,353.0,,,
4445114986,2016-05-01,,5232,3.51,3.51,0.0,0.0,0.0,3.51,0.0,0,0,240,741,2246,439.0,2.0,459.0,,,
4445114986,2016-05-02,,6910,4.75,4.75,0.0,2.21,0.19,2.35,0.0,27,4,200,667,2336,502.0,1.0,542.0,,,
4445114986,2016-05-03,,7502,5.18,5.18,0.0,2.48,0.11,2.58,0.0,30,2,233,725,2421,417.0,2.0,450.0,,,
4445114986,2016-05-04,,2923,1.96,1.96,0.0,0.0,0.0,1.96,0.0,0,0,180,897,2070,337.0,2.0,363.0,,,
4445114986,2016-05-05,,3800,2.55,2.55,0.0,0.12,0.24,2.18,0.0,2,6,185,734,2120,462.0,2.0,513.0,,,
4445114986,2016-05-06,,4514,3.03,3.03,0.0,0.0,0.0,3.03,0.0,0,0,229,809,2211,374.0,2.0,402.0,,,
4445114986,2016-05-07,,5183,3.59,3.59,0.0,2.13,0.19,1.25,0.0,26,4,108,866,2123,401.0,2.0,436.0,,,
4445114986,2016-05-08,,7303,4.9,4.9,0.0,0.0,0.25,4.65,0.0,0,8,308,733,2423,361.0,1.0,391.0,,,
4445114986,2016-05-09,,5275,3.54,3.54,0.0,0.0,0.0,3.54,0.0,0,0,266,641,2281,457.0,1.0,533.0,,,
4445114986,2016-05-10,,3915,2.63,2.63,0.0,0.0,0.0,2.63,0.0,0,0,231,783,2181,405.0,1.0,426.0,,,
4445114986,2016-05-11,,9105,6.11,6.11,0.0,2.25,1.0,2.86,0.0,34,22,232,622,2499,499.0,1.0,530.0,,,
4445114986,2016-05-12,,768,0.52,0.52,0.0,0.0,0.0,0.52,0.0,0,0,58,380,1212,483.0,1.0,501.0,,,
4558609924,2016-04-12,75.92,5135,3.39,3.39,0.0,0.0,0.0,3.39,0.0,0,0,318,1122,1909,,,,,,
4558609924,2016-04-13,83.36,4978,3.29,3.29,0.0,1.24,0.44,1.61,0.0,19,7,127,1287,1722,,,,,,
4558609924,2016-04-14,80.32,6799,4.49,4.49,0.0,0.0,0.0,4.49,0.0,0,0,279,1161,1922,,,,,,
4558609924,2016-04-15,83.69,7795,5.15,5.15,0.0,0.59,0.84,3.73,0.0,17,30,262,1131,2121,,,,,,
4558609924,2016-04-16,75.33,7289,4.82,4.82,0.0,0.55,0.75,3.5,0.0,8,12,308,1112,1997,,,,,,
4558609924,2016-04-17,82.29,9634,6.4,6.4,0.0,0.55,1.14,4.71,0.0,7,19,304,1110,2117,,,,,,
4558609924,2016-04-18,79.44,8940,5.91,5.91,0.0,0.98,0.93,4.0,0.0,14,15,331,1080,2116,,,,27.25,69.7,153.66
4558609924,2016-04-19,82.58,5401,3.57,3.57,0.0,0.05,0.36,3.16,0.0,1,9,248,1182,1876,,,,,,
4558609924,2016-04-20,76.06,4803,3.17,3.17,0.0,0.0,0.0,3.17,0.0,0,0,222,1218,1788,,,,,,
4558609924,2016-04-21,83.75,13743,9.08,9.08,0.0,0.42,0.97,7.7,0.0,6,21,432,844,2486,126.0,1.0,137.0,,,
4558609924,2016-04-22,81.22,9601,6.35,6.35,0.0,1.37,1.5,3.47,0.0,20,25,273,1122,2094,,,,,,
4558609924,2016-04-23,84.6,6890,4.55,4.55,0.0,0.34,0.2,4.01,0.0,5,5,308,1122,2085,,,,,,
4558609924,2016-04-24,83.13,8563,5.66,5.66,0.0,0.0,0.0,5.65,0.0,0,0,395,1045,2173,,,,,,
4558609924,2016-04-25,81.14,8095,5.35,5.35,0.0,0.59,0.25,4.51,0.0,18,10,340,993,2225,,,,27.46,70.3,154.98
4558609924,2016-04-26,86.75,9148,6.05,6.05,0.0,0.43,2.03,3.59,0.0,12,41,283,1062,2223,103.0,1.0,121.0,,,
4558609924,2016-04-27,81.35,9557,6.32,6.32,0.0,1.96,0.89,3.46,0.0,27,14,312,1087,2098,,,,,,
4558609924,2016-04-28,82.63,9451,6.25,6.25,0.0,0.02,0.27,5.95,0.0,1,11,367,985,2185,,,,,,
4558609924,2016-04-29,74.84,7833,5.18,5.18,0.0,1.02,1.85,2.31,0.0,15,29,197,1096,1918,171.0,1.0,179.0,,,
4558609924,2016-04-30,76.28,10319,6.82,6.82,0.0,0.47,1.89,4.46,0.0,7,29,293,1111,2105,,,,,,
4558609924,2016-05-01,69.75,3428,2.27,2.27,0.0,0.0,0.0,2.27,0.0,0,0,190,1121,1692,115.0,1.0,129.0,27.32,69.9,154.1
4558609924,2016-05-02,77.51,7891,5.22,5.22,0.0,0.0,0.0,5.22,0.0,0,0,383,1057,2066,,,,27.04,69.2,152.56
4558609924,2016-05-03,74.9,5267,3.48,3.48,0.0,0.6,0.28,2.6,0.0,21,10,237,1172,1953,,,,,,
4558609924,2016-05-04,76.02,5232,3.46,3.46,0.0,0.0,0.0,3.46,0.0,0,0,252,1188,1842,,,,,,
4558609924,2016-05-05,80.33,10611,7.01,7.01,0.0,1.01,0.5,5.51,0.0,14,8,370,1048,2262,,,,,,
4558609924,2016-05-06,70.92,3755,2.48,2.48,0.0,0.0,0.0,2.48,0.0,0,0,202,1238,1722,,,,,,
4558609924,2016-05-07,75.22,8237,5.44,5.44,0.0,1.61,1.0,2.83,0.0,23,16,233,1116,1973,,,,,,
4558609924,2016-05-08,100.43,6543,4.33,4.33,0.0,1.8,0.5,2.02,0.0,66,35,238,1019,2666,123.0,1.0,134.0,,,
4558609924,2016-05-09,78.21,11451,7.57,7.57,0.0,0.43,1.62,5.52,0.0,6,30,339,1065,2223,,,,27.0,69.1,152.34
4558609924,2016-05-10,71.62,6435,4.25,4.25,0.0,0.74,1.12,2.39,0.0,11,18,220,1191,1889,,,,,,
4558609924,2016-05-11,73.89,9108,6.02,6.02,0.0,0.26,1.82,3.94,0.0,4,31,324,1081,2131,,,,,,
4558609924,2016-05-12,78.7,6307,4.17,4.17,0.0,0.0,0.0,4.17,0.0,0,0,247,736,1452,,,,,,
4702921684,2016-04-12,,7213,5.88,5.88,0.0,0.0,0.0,5.85,0.0,0,0,263,718,2947,425.0,1.0,439.0,,,
4702921684,2016-04-13,,6877,5.58,5.58,0.0,0.0,0.0,5.58,0.0,0,0,258,777,2898,400.0,2.0,430.0,,,
4702921684,2016-04-14,,7860,6.37,6.37,0.0,0.0,0.0,6.37,0.0,0,0,271,772,2984,384.0,1.0,415.0,,,
4702921684,2016-04-15,,6506,5.28,5.28,0.0,0.07,0.42,4.79,0.0,1,8,256,944,2896,253.0,1.0,257.0,,,
4702921684,2016-04-16,,11140,9.03,9.03,0.0,0.24,1.25,7.54,0.0,3,24,335,556,3328,382.0,2.0,406.0,,,
4702921684,2016-04-17,,12692,10.29,10.29,0.0,0.96,3.46,5.88,0.0,12,66,302,437,3394,591.0,1.0,612.0,,,
4702921684,2016-04-18,,9105,7.38,7.38,0.0,1.82,1.49,4.07,0.0,22,30,191,890,3013,293.0,1.0,312.0,,,
4702921684,2016-04-19,,6708,5.44,5.44,0.0,0.88,0.37,4.19,0.0,10,8,179,757,2812,457.0,1.0,487.0,,,
4702921684,2016-04-20,,8793,7.13,7.13,0.0,0.16,1.23,5.73,0.0,2,29,260,717,3061,454.0,1.0,468.0,,,
4702921684,2016-04-21,,6530,5.3,5.3,0.0,0.31,2.05,2.94,0.0,4,41,144,901,2729,425.0,1.0,434.0,,,
4702921684,2016-04-22,,1664,1.35,1.35,0.0,0.0,0.0,1.35,0.0,0,0,72,1341,2241,,,,,,
4702921684,2016-04-23,,15126,12.27,12.27,0.0,0.76,3.24,8.27,0.0,9,66,408,469,3691,465.0,1.0,475.0,,,
4702921684,2016-04-24,,15050,12.22,12.22,0.0,1.2,5.12,5.88,0.0,15,95,281,542,3538,480.0,1.0,506.0,,,
4702921684,2016-04-25,,9167,7.43,7.43,0.0,0.49,0.82,6.11,0.0,6,15,270,730,3064,370.0,1.0,380.0,,,
4702921684,2016-04-26,,6108,4.95,4.95,0.0,0.07,0.35,4.54,0.0,1,8,216,765,2784,421.0,1.0,429.0,,,
4702921684,2016-04-27,,7047,5.72,5.72,0.0,0.09,0.8,4.78,0.0,1,16,238,733,2908,432.0,1.0,449.0,,,
4702921684,2016-04-28,,9023,7.32,7.32,0.0,1.13,0.42,5.77,0.0,14,9,232,738,3033,442.0,1.0,461.0,,,
4702921684,2016-04-29,,9930,8.05,8.05,0.0,1.06,0.92,6.07,0.0,12,19,267,692,3165,433.0,1.0,447.0,,,
4702921684,2016-04-30,,10144,8.23,8.23,0.0,0.32,2.03,5.88,0.0,4,36,263,728,3115,479.0,1.0,501.0,,,
4702921684,2016-05-01,,0,0.0,0.0,0.0,0.0,0.0,0.0,0.0,0,0,0,1440,2017,,,,,,
4702921684,2016-05-02,,7245,5.92,5.92,0.0,0.38,1.74,3.76,0.0,5,40,195,1131,2859,,,,,,
4702921684,2016-05-03,,9454,7.67,7.67,0.0,0.0,0.0,7.67,0.0,0,0,313,729,3145,327.0,1.0,373.0,,,
4702921684,2016-05-04,,8161,6.62,6.62,0.0,0.34,0.73,5.54,0.0,4,15,251,757,3004,412.0,1.0,434.0,,,
4702921684,2016-05-05,,8614,6.99,6.99,0.0,0.67,0.22,6.09,0.0,8,5,241,745,3006,414.0,1.0,428.0,,,
4702921684,2016-05-06,,6943,5.63,5.63,0.0,0.08,0.66,4.87,0.0,1,16,207,682,2859,404.0,1.0,449.0,,,
4702921684,2016-05-07,,14370,11.65,11.65,0.0,0.37,2.31,8.97,0.0,5,46,439,577,3683,520.0,1.0,543.0,,,
4702921684,2016-05-08,,12857,10.43,10.43,0.0,0.68,6.21,3.54,0.0,9,125,192,1019,3287,,,,,,
4702921684,2016-05-09,,8232,6.68,6.68,0.0,0.0,0.57,6.1,0.0,0,12,253,746,2990,435.0,1.0,458.0,,,
4702921684,2016-05-10,,10613,8.61,8.61,0.0,0.08,1.88,6.65,0.0,1,37,262,701,3172,416.0,1.0,431.0,,,
4702921684,2016-05-11,,9810,7.96,7.96,0.0,0.78,2.16,4.98,0.0,10,41,235,784,3069,354.0,1.0,366.0,,,
4702921684,2016-05-12,,2752,2.23,2.23,0.0,0.0,0.0,2.23,0.0,0,0,68,241,1240,404.0,1.0,442.0,,,
5553957443,2016-04-12,63.15,11596,7.57,7.57,0.0,1.37,0.79,5.41,0.0,19,13,277,767,2026,441.0,1.0,464.0,,,
5553957443,2016-04-13,60.58,4832,3.16,3.16,0.0,0.0,0.0,3.16,0.0,0,0,226,647,1718,455.0,2.0,488.0,,,
5553957443,2016-04-14,66.97,17022,11.12,11.12,0.0,4.0,2.45,4.67,0.0,61,41,256,693,2324,357.0,1.0,418.0,,,
5553957443,2016-04-15,64.64,16556,10.86,10.86,0.0,4.16,1.98,4.71,0.0,58,38,239,689,2254,377.0,1.0,409.0,,,
5553957443,2016-04-16,65.02,5771,3.77,3.77,0.0,0.0,0.0,3.77,0.0,0,0,288,521,1831,651.0,2.0,686.0,,,
5553957443,2016-04-17,59.2,655,0.43,0.43,0.0,0.0,0.0,0.43,0.0,0,0,46,943,1397,350.0,1.0,402.0,,,
5553957443,2016-04-18,64.63,3727,2.43,2.43,0.0,0.0,0.0,2.43,0.0,0,0,206,622,1683,520.0,2.0,541.0,,,
5553957443,2016-04-19,68.57,15482,10.11,10.11,0.0,4.28,1.66,4.18,0.0,69,28,249,756,2284,357.0,1.0,410.0,,,
5553957443,2016-04-20,59.46,2713,1.77,1.77,0.0,0.0,0.0,1.77,0.0,0,0,148,598,1570,658.0,1.0,678.0,,,
5553957443,2016-04-21,65.95,12346,8.06,8.06,0.0,2.95,2.16,2.96,0.0,47,42,177,801,2066,399.0,1.0,431.0,,,
5553957443,2016-04-22,65.32,11682,7.63,7.63,0.0,1.38,0.63,5.6,0.0,25,16,270,781,2105,322.0,1.0,353.0,,,
5553957443,2016-04-23,66.36,4112,2.69,2.69,0.0,0.0,0.0,2.68,0.0,0,0,272,443,1776,631.0,2.0,725.0,,,
5553957443,2016-04-24,63.48,1807,1.18,1.18,0.0,0.0,0.0,1.18,0.0,0,0,104,582,1507,553.0,2.0,640.0,,,
5553957443,2016-04-25,67.15,10946,7.19,7.19,0.0,2.93,0.57,3.69,0.0,51,11,201,732,2033,433.0,1.0,468.0,,,
5553957443,2016-04-26,67.93,11886,7.76,7.76,0.0,2.37,0.93,4.46,0.0,40,18,238,750,2093,412.0,1.0,453.0,,,
5553957443,2016-04-27,63.7,10538,6.88,6.88,0.0,1.14,1.0,4.74,0.0,16,16,206,745,1922,347.0,1.0,391.0,,,
5553957443,2016-04-28,64.92,11393,7.63,7.63,0.0,3.71,0.75,3.17,0.0,49,13,165,727,1999,421.0,1.0,457.0,,,
5553957443,2016-04-29,67.26,12764,8.33,8.33,0.0,2.79,0.64,4.91,0.0,46,15,270,709,2169,450.0,1.0,495.0,,,
5553957443,2016-04-30,65.29,1202,0.78,0.78,0.0,0.0,0.0,0.78,0.0,0,0,84,506,1463,775.0,2.0,843.0,,,
5553957443,2016-05-01,65.54,5164,3.37,3.37,0.0,0.0,0.0,3.37,0.0,0,0,237,436,1747,622.0,2.0,686.0,,,
5553957443,2016-05-02,66.67,9769,6.38,6.38,0.0,1.06,0.41,4.9,0.0,23,9,227,724,1996,409.0,1.0,471.0,,,
5553957443,2016-05-03,65.62,12848,8.39,8.39,0.0,1.5,1.2,5.68,0.0,26,29,247,812,2116,380.0,1.0,429.0,,,
5553957443,2016-05-04,60.95,4249,2.77,2.77,0.0,0.0,0.0,2.77,0.0,0,0,224,651,1698,447.0,1.0,470.0,,,
5553957443,2016-05-05,64.23,14331,9.51,9.51,0.0,3.43,1.66,4.43,0.0,44,29,241,692,2156,419.0,1.0,464.0,,,
5553957443,2016-05-06,62.33,9632,6.29,6.29,0.0,1.52,0.54,4.23,0.0,21,9,229,761,1916,400.0,1.0,434.0,,,
5553957443,2016-05-07,62.18,1868,1.22,1.22,0.0,0.0,0.0,1.22,0.0,0,0,96,902,1494,442.0,1.0,470.0,,,
5553957443,2016-05-08,64.55,6083,4.0,4.0,0.0,0.22,0.47,3.3,0.0,3,8,210,505,1762,568.0,1.0,608.0,,,
5553957443,2016-05-09,67.71,11611,7.58,7.58,0.0,2.13,0.89,4.56,0.0,59,22,251,667,2272,453.0,1.0,494.0,,,
5553957443,2016-05-10,70.29,16358,10.71,10.71,0.0,3.87,1.61,5.2,0.0,61,40,265,707,2335,418.0,1.0,443.0,,,
5553957443,2016-05-11,64.59,4926,3.22,3.22,0.0,0.0,0.0,3.22,0.0,0,0,195,628,1693,463.0,1.0,486.0,,,
5553957443,2016-05-12,62.67,3121,2.04,2.04,0.0,0.58,0.4,1.06,0.0,8,6,48,222,741,438.0,1.0,475.0,,,
5577150313,2016-04-12,63.37,8135,6.08,6.08,0.0,3.6,0.38,2.1,0.0,86,16,140,728,3405,419.0,1.0,438.0,,,
5577150313,2016-04-13,58.11,5077,3.79,3.79,0.0,0.32,0.22,3.25,0.0,15,11,144,776,2551,432.0,1.0,458.0,,,
5577150313,2016-04-14,68.95,8596,6.42,6.42,0.0,3.33,0.31,2.78,0.0,118,30,176,662,4022,477.0,1.0,497.0,,,
5577150313,2016-04-15,67.25,12087,9.08,9.08,0.0,3.92,1.6,3.56,0.0,115,54,199,695,4005,392.0,1.0,413.0,,,
5577150313,2016-04-16,65.83,14269,10.66,10.66,0.0,6.64,1.28,2.73,0.0,184,56,158,472,4274,406.0,1.0,445.0,,,
5577150313,2016-04-17,67.47,12231,9.14,9.14,0.0,5.98,0.83,2.32,0.0,200,37,159,525,4552,549.0,1.0,583.0,28.0,90.7,199.96
5577150313,2016-04-18,66.24,9893,7.39,7.39,0.0,4.86,0.72,1.82,0.0,114,32,130,623,3625,527.0,1.0,553.0,,,
5577150313,2016-04-19,68.27,12574,9.42,9.42,0.0,7.02,0.64,1.76,0.0,108,23,111,733,3501,449.0,1.0,465.0,,,
5577150313,2016-04-20,66.76,8330,6.22,6.22,0.0,4.12,0.34,1.76,0.0,87,16,113,773,3192,447.0,1.0,480.0,,,
5577150313,2016-04-21,68.04,10830,8.09,8.09,0.0,3.65,1.66,2.78,0.0,110,74,175,670,4018,414.0,1.0,437.0,,,
5577150313,2016-04-22,62.34,9172,6.85,6.85,0.0,2.42,0.79,3.3,0.0,62,30,200,823,3329,338.0,1.0,366.0,,,
5577150313,2016-04-23,63.23,7638,5.71,5.71,0.0,1.21,0.36,4.14,0.0,24,24,223,627,3152,384.0,1.0,402.0,,,
5577150313,2016-04-24,69.57,15764,11.78,11.78,0.0,7.65,2.15,1.98,0.0,210,65,141,425,4392,543.0,1.0,615.0,,,
5577150313,2016-04-25,65.74,6393,4.78,4.78,0.0,1.35,0.67,2.76,0.0,61,38,214,743,3374,421.0,1.0,461.0,,,
5577150313,2016-04-26,63.6,5325,3.98,3.98,0.0,0.85,0.65,2.47,0.0,38,32,181,759,3088,354.0,1.0,377.0,,,
5577150313,2016-04-27,64.4,6805,5.14,5.14,0.0,1.81,0.4,2.93,0.0,63,16,190,773,3294,424.0,1.0,452.0,,,
5577150313,2016-04-28,66.33,9841,7.43,7.43,0.0,3.25,1.17,3.01,0.0,99,51,141,692,3580,361.0,1.0,372.0,,,
5577150313,2016-04-29,63.69,7924,5.92,5.92,0.0,2.84,0.61,2.47,0.0,97,36,165,739,3544,459.0,1.0,485.0,,,
5577150313,2016-04-30,68.61,12363,9.24,9.24,0.0,5.83,0.79,2.61,0.0,207,45,163,621,4501,412.0,1.0,433.0,,,
5577150313,2016-05-01,71.21,13368,9.99,9.99,0.0,5.31,1.44,3.24,0.0,194,72,178,499,4546,379.0,1.0,398.0,,,
5577150313,2016-05-02,62.65,7439,5.56,5.56,0.0,1.12,0.35,4.07,0.0,37,20,235,732,3014,525.0,2.0,553.0,,,
5577150313,2016-05-03,68.01,11045,8.25,8.25,0.0,4.52,0.15,3.57,0.0,97,8,212,580,3795,508.0,1.0,543.0,,,
5577150313,2016-05-04,60.93,5206,3.89,3.89,0.0,1.56,0.25,2.08,0.0,25,9,141,631,2755,603.0,1.0,634.0,,,
5577150313,2016-05-05,69.96,7550,5.64,5.64,0.0,2.5,0.47,2.67,0.0,45,21,143,1153,3004,74.0,1.0,78.0,,,
5577150313,2016-05-06,68.29,4950,3.7,3.7,0.0,1.93,0.32,1.45,0.0,41,16,79,1304,2643,,,,,,
5577150313,2016-05-07,,0,0.0,0.0,0.0,0.0,0.0,0.0,0.0,0,0,0,1440,1819,,,,,,
5577150313,2016-05-08,,0,0.0,0.0,0.0,0.0,0.0,0.0,0.0,0,0,0,1440,1819,,,,,,
5577150313,2016-05-09,66.38,3421,2.56,2.56,0.0,1.43,0.14,0.99,0.0,34,11,70,1099,2489,,,,,,
5577150313,2016-05-10,70.15,8869,6.65,6.65,0.0,2.56,0.75,3.35,0.0,104,37,194,639,3841,504.0,1.0,562.0,,,
5577150313,2016-05-11,64.49,4038,3.04,3.04,0.0,1.83,0.3,0.89,0.0,45,15,63,257,1665,431.0,1.0,476.0,,,
6117666160,2016-04-12,,0,0.0,0.0,0.0,0.0,0.0,0.0,0.0,0,0,0,1440,1496,,,,,,
6117666160,2016-04-13,,0,0.0,0.0,0.0,0.0,0.0,0.0,0.0,0,0,0,1440,1496,,,,,,
6117666160,2016-04-14,,0,0.0,0.0,0.0,0.0,0.0,0.0,0.0,0,0,0,1440,1496,,,,,,
6117666160,2016-04-15,97.07,14019,10.59,10.59,0.0,0.0,0.28,10.3,0.0,0,6,513,921,2865,,,,,,
6117666160,2016-04-16,85.18,14450,10.91,10.91,0.0,0.58,0.85,9.48,0.0,7,15,518,502,2828,380.0,1.0,398.0,,,
6117666160,2016-04-17,84.69,7150,5.4,5.4,0.0,0.0,0.0,5.4,0.0,0,0,312,702,2225,336.0,2.0,350.0,,,
6117666160,2016-04-18,81.95,5153,3.91,3.91,0.0,0.0,0.0,3.89,0.0,0,0,241,759,2018,493.0,2.0,510.0,,,
6117666160,2016-04-19,81.75,11135,8.41,8.41,0.0,0.0,0.0,8.41,0.0,0,0,480,425,2606,465.0,1.0,492.0,,,
6117666160,2016-04-20,83.62,10449,8.02,8.02,0.0,2.03,0.48,5.52,0.0,26,10,349,587,2536,474.0,1.0,502.0,,,
6117666160,2016-04-21,77.5,19542,15.01,15.01,0.0,0.98,0.4,5.62,0.0,11,19,294,579,4900,508.0,1.0,550.0,,,
6117666160,2016-04-22,80.56,8206,6.2,6.2,0.0,0.0,0.0,6.2,0.0,0,0,402,413,2409,480.0,1.0,546.0,,,
6117666160,2016-04-23,80.15,11495,8.68,8.68,0.0,0.0,0.0,8.68,0.0,0,0,512,468,2651,492.0,1.0,539.0,,,
6117666160,2016-04-24,83.0,7623,5.76,5.76,0.0,0.0,0.0,5.76,0.0,0,0,362,711,2305,353.0,1.0,367.0,,,
6117666160,2016-04-25,,0,0.0,0.0,0.0,0.0,0.0,0.0,0.0,0,0,0,1440,1497,,,,,,
6117666160,2016-04-26,89.08,9543,7.21,7.21,0.0,0.0,0.34,6.87,0.0,0,7,352,1077,2450,,,,,,
6117666160,2016-04-27,81.46,9411,7.11,7.11,0.0,0.0,0.0,7.11,0.0,0,0,458,417,2576,542.0,1.0,557.0,,,
6117666160,2016-04-28,79.19,3403,2.6,2.6,0.0,0.0,0.0,2.6,0.0,0,0,141,758,1879,393.0,1.0,416.0,,,
6117666160,2016-04-29,80.76,9592,7.24,7.24,0.0,0.0,0.0,7.24,0.0,0,0,461,479,2560,600.0,1.0,636.0,,,
6117666160,2016-04-30,84.56,6987,5.28,5.28,0.0,0.0,0.0,5.28,0.0,0,0,343,1040,2275,,,,,,
6117666160,2016-05-01,76.5,8915,6.73,6.73,0.0,0.0,0.0,6.73,0.0,0,0,397,525,2361,507.0,1.0,575.0,,,
6117666160,2016-05-02,91.19,4933,3.73,3.73,0.0,0.0,0.0,3.73,0.0,0,0,236,1204,2044,,,,,,
6117666160,2016-05-03,,0,0.0,0.0,0.0,0.0,0.0,0.0,0.0,0,0,0,1440,1496,,,,,,
6117666160,2016-05-04,91.23,2997,2.26,2.26,0.0,0.0,0.0,2.26,0.0,0,0,156,1279,1902,,,,,,
6117666160,2016-05-05,83.08,9799,7.4,7.4,0.0,0.0,0.0,7.4,0.0,0,0,487,479,2636,392.0,1.0,415.0,,,
6117666160,2016-05-06,75.4,3365,2.68,2.68,0.0,0.0,0.0,2.68,0.0,0,0,133,673,1838,658.0,2.0,698.0,,,
6117666160,2016-05-07,82.68,7336,5.54,5.54,0.0,0.0,0.0,5.54,0.0,0,0,412,456,2469,498.0,2.0,507.0,,,
6117666160,2016-05-08,79.61,7328,5.53,5.53,0.0,0.0,0.0,5.53,0.0,0,0,318,517,2250,555.0,1.0,603.0,,,
6117666160,2016-05-09,74.43,4477,3.38,3.38,0.0,0.0,0.0,3.38,0.0,0,0,197,125,1248,492.0,1.0,522.0,,,
6290855005,2016-04-12,,4562,3.45,3.45,0.0,0.0,0.0,3.45,0.0,0,0,199,1241,2560,,,,,,
6290855005,2016-04-13,,7142,5.4,5.4,0.0,0.0,0.0,5.39,0.01,0,0,350,1090,2905,,,,,,
6290855005,2016-04-14,,7671,5.8,5.8,0.0,0.0,0.0,5.77,0.03,0,0,363,1077,2952,,,,,,
6290855005,2016-04-15,,9501,7.18,7.18,0.0,0.0,0.0,7.17,0.01,0,0,328,1112,2896,,,,,,
6290855005,2016-04-16,,8301,6.28,6.28,0.0,0.0,0.0,6.27,0.01,0,0,258,1182,2783,,,,,,
6290855005,2016-04-17,,7851,5.94,5.94,0.0,1.14,0.79,4.0,0.0,31,12,225,1172,3171,,,,,,
6290855005,2016-04-18,,6885,5.21,5.21,0.0,0.0,0.0,5.19,0.02,0,0,271,1169,2766,,,,,,
6290855005,2016-04-19,,7142,5.4,5.4,0.0,0.0,0.0,5.39,0.01,0,0,321,1119,2839,,,,,,
6290855005,2016-04-20,,6361,4.81,4.81,0.0,0.0,0.0,4.8,0.01,0,0,258,1182,2701,,,,,,
6290855005,2016-04-21,,0,0.0,0.0,0.0,0.0,0.0,0.0,0.0,0,0,0,1440,2060,,,,,,
6290855005,2016-04-22,,6238,4.72,4.72,0.0,0.0,0.0,4.72,0.0,0,0,302,1138,2796,,,,,,
6290855005,2016-04-23,,0,0.0,0.0,0.0,0.0,0.0,0.0,0.0,33,0,0,1407,2664,,,,,,
6290855005,2016-04-24,,5896,4.46,4.46,0.0,0.0,0.0,4.46,0.0,0,0,258,1182,2703,,,,,,
6290855005,2016-04-25,,7802,5.9,5.9,0.0,0.68,0.18,5.03,0.01,8,3,249,1180,2771,,,,,,
6290855005,2016-04-26,,0,0.0,0.0,0.0,0.0,0.0,0.0,0.0,0,0,0,1440,2060,,,,,,
6290855005,2016-04-27,,5565,4.21,4.21,0.0,0.0,0.0,4.18,0.03,0,0,287,1153,2743,,,,,,
6290855005,2016-04-28,,5731,4.33,4.33,0.0,0.0,0.0,4.33,0.0,0,0,255,1185,2687,,,,,,
6290855005,2016-04-29,,0,0.0,0.0,0.0,0.0,0.0,0.0,0.0,0,0,0,1440,2060,,,,,,
6290855005,2016-04-30,,6744,5.1,5.1,0.0,0.0,0.0,5.09,0.01,0,0,324,1116,2843,,,,,,
6290855005,2016-05-01,,9837,7.44,7.44,0.0,0.66,2.75,4.0,0.02,8,95,282,1055,3327,,,,,,
6290855005,2016-05-02,,6781,5.13,5.13,0.0,0.0,0.0,5.11,0.02,0,0,268,1172,2725,,,,,,
6290855005,2016-05-03,,6047,4.57,4.57,0.0,0.0,0.0,4.57,0.0,0,0,240,1200,2671,,,,,,
6290855005,2016-05-04,,5832,4.41,4.41,0.0,0.0,0.0,4.4,0.01,0,0,272,1168,2718,,,,,,
6290855005,2016-05-05,,6339,4.79,4.79,0.0,0.0,0.0,4.79,0.0,0,0,239,1201,2682,,,,,,
6290855005,2016-05-06,,6116,4.62,4.62,0.0,0.0,0.0,4.59,0.03,0,0,305,1135,2806,,,,,,
6290855005,2016-05-07,,5510,4.17,4.17,0.0,0.0,0.0,4.16,0.0,0,0,227,1213,2613,,,,,,
6290855005,2016-05-08,,7706,5.83,5.83,0.0,0.0,0.0,5.82,0.0,0,0,251,1189,2712,,,,,,
6290855005,2016-05-09,,6277,4.75,4.75,0.0,0.0,0.0,4.73,0.02,0,0,264,800,2175,,,,,,
6290855005,2016-05-10,,0,0.0,0.0,0.0,0.0,0.0,0.0,0.0,0,0,0,1440,0,,,,,,
6775888955,2016-04-12,,0,0.0,0.0,0.0,0.0,0.0,0.0,0.0,0,0,0,1440,1841,,,,,,
6775888955,2016-04-13,81.29,4053,2.91,2.91,0.0,1.11,0.58,1.22,0.0,17,18,85,1053,2400,235.0,1.0,260.0,,,
6775888955,2016-04-14,77.74,5162,3.7,3.7,0.0,0.87,0.86,1.97,0.0,14,24,105,863,2507,423.0,1.0,441.0,,,
6775888955,2016-04-15,79.79,1282,0.92,0.92,0.0,0.0,0.0,0.92,0.0,0,0,58,976,2127,391.0,1.0,406.0,,,
6775888955,2016-04-16,107.72,4732,3.39,3.39,0.0,2.52,0.81,0.06,0.0,36,18,9,1377,2225,,,,,,
6775888955,2016-04-17,101.45,2497,1.79,1.79,0.0,0.35,1.13,0.31,0.0,5,24,19,1392,2067,,,,,,
6775888955,2016-04-18,96.9,8294,5.95,5.95,0.0,2.0,0.77,3.17,0.0,30,31,146,1233,2798,,,,,,
6775888955,2016-04-19,106.4,0,0.0,0.0,0.0,0.0,0.0,0.0,0.0,0,0,0,1440,1841,,,,,,
6775888955,2016-04-20,104.67,10771,7.72,7.72,0.0,3.77,1.74,2.22,0.0,70,113,178,1079,3727,,,,,,
6775888955,2016-04-21,,0,0.0,0.0,0.0,0.0,0.0,0.0,0.0,0,0,0,1440,1841,,,,,,
6775888955,2016-04-22,89.28,637,0.46,0.46,0.0,0.0,0.0,0.46,0.0,0,0,20,1420,1922,,,,,,
6775888955,2016-04-23,,0,0.0,0.0,0.0,0.0,0.0,0.0,0.0,0,0,0,1440,1841,,,,,,
6775888955,2016-04-24,107.09,2153,1.54,1.54,0.0,0.77,0.62,0.15,0.0,11,18,11,1400,2053,,,,,,
6775888955,2016-04-25,92.13,6474,4.64,4.64,0.0,2.27,0.46,1.9,0.0,33,13,92,1302,2484,,,,,,
6775888955,2016-04-26,94.32,7091,5.27,5.27,1.96,3.48,0.87,0.73,0.0,42,30,47,1321,2584,,,,,,
6775888955,2016-04-27,,0,0.0,0.0,0.0,0.0,0.0,0.0,0.0,0,0,0,1440,1841,,,,,,
6775888955,2016-04-28,99.15,703,0.5,0.5,0.0,0.06,0.2,0.24,0.0,2,13,15,1410,1993,,,,,,
6775888955,2016-04-29,82.33,0,0.0,0.0,0.0,0.0,0.0,0.0,0.0,0,0,0,1440,1841,,,,,,
6775888955,2016-04-30,94.87,2503,1.79,1.79,0.0,0.16,0.16,1.48,0.0,3,9,84,1344,2280,,,,,,
6775888955,2016-05-01,105.02,2487,1.78,1.78,0.0,0.48,0.62,0.68,0.0,9,34,50,1347,2319,,,,,,
6775888955,2016-05-02,,0,0.0,0.0,0.0,0.0,0.0,0.0,0.0,0,0,0,1440,1841,,,,,,
6775888955,2016-05-03,,9,0.01,0.01,0.0,0.0,0.0,0.01,0.0,0,0,1,1439,1843,,,,,,
6775888955,2016-05-04,,0,0.0,0.0,0.0,0.0,0.0,0.0,0.0,0,0,0,1440,1841,,,,,,
6775888955,2016-05-05,,0,0.0,0.0,0.0,0.0,0.0,0.0,0.0,0,0,0,1440,1841,,,,,,
6775888955,2016-05-06,97.5,4697,3.37,3.37,0.0,0.47,0.93,1.93,0.0,12,35,75,1318,2496,,,,,,
6775888955,2016-05-07,92.7,1967,1.41,1.41,0.0,0.13,0.24,1.05,0.0,2,5,49,551,1032,,,,,,
6962181067,2016-04-12,77.55,10199,6.74,6.74,0.0,3.4,0.83,2.51,0.0,50,14,189,796,1994,366.0,1.0,387.0,24.39,62.5,137.79
6962181067,2016-04-13,79.16,5652,3.74,3.74,0.0,0.57,1.21,1.96,0.0,8,24,142,548,1718,630.0,3.0,679.0,24.24,62.1,136.91
6962181067,2016-04-14,69.48,1551,1.03,1.03,0.0,0.0,0.0,1.03,0.0,0,0,86,862,1466,508.0,2.0,535.0,24.1,61.7,136.03
6962181067,2016-04-15,71.38,5563,3.68,3.68,0.0,0.0,0.0,3.68,0.0,0,0,217,837,1756,370.0,1.0,386.0,24.0,61.5,135.58
6962181067,2016-04-16,75.59,13217,8.74,8.74,0.0,3.66,0.19,4.88,0.0,50,3,280,741,2173,357.0,1.0,366.0,24.21,62.0,136.69
6962181067,2016-04-17,74.15,10145,6.71,6.71,0.0,0.33,0.68,5.69,0.0,5,13,295,634,2027,427.0,1.0,446.0,23.96,61.4,135.36
6962181067,2016-04-18,73.69,11404,7.54,7.54,0.0,0.83,2.39,4.32,0.0,13,42,238,689,2039,442.0,1.0,458.0,23.89,61.2,134.92
6962181067,2016-04-19,75.22,10742,7.1,7.1,0.0,2.1,2.13,2.87,0.0,35,41,195,659,2046,476.0,1.0,535.0,23.96,61.4,135.36
6962181067,2016-04-20,72.63,13928,9.55,9.55,0.0,4.28,0.19,5.09,0.0,48,4,297,639,2174,418.0,1.0,424.0,24.1,61.7,136.03
6962181067,2016-04-21,75.33,11835,9.71,7.88,4.08,3.99,2.1,3.51,0.11,53,27,214,708,2179,451.0,1.0,457.0,23.96,61.4,135.36
6962181067,2016-04-22,72.89,10725,7.09,7.09,0.0,1.77,1.55,3.77,0.0,30,33,240,659,2086,425.0,1.0,435.0,23.96,61.4,135.36
6962181067,2016-04-23,77.0,20031,13.24,13.24,0.0,4.2,2.0,7.04,0.0,58,41,347,484,2571,528.0,1.0,546.0,24.0,61.5,135.58
6962181067,2016-04-24,67.29,5029,3.32,3.32,0.0,0.0,0.0,3.32,0.0,0,0,199,720,1705,511.0,1.0,514.0,24.0,61.5,135.58
6962181067,2016-04-25,71.2,13239,9.27,9.08,2.79,3.02,1.68,4.46,0.1,35,31,282,637,2194,400.0,1.0,415.0,24.1,61.7,136.03
6962181067,2016-04-26,70.88,10433,6.9,6.9,0.0,2.58,0.42,3.9,0.0,36,7,254,680,2012,441.0,1.0,446.0,,,
6962181067,2016-04-27,71.12,10320,6.82,6.82,0.0,0.55,2.02,4.25,0.0,7,38,279,697,2034,455.0,1.0,467.0,23.89,61.2,134.92
6962181067,2016-04-28,73.64,12627,8.35,8.35,0.0,2.51,0.24,5.59,0.0,38,8,288,621,2182,440.0,1.0,453.0,23.89,61.2,134.92
6962181067,2016-04-29,76.96,10762,7.11,7.11,0.0,0.82,0.48,5.81,0.0,12,15,369,645,2254,433.0,1.0,447.0,23.96,61.4,135.36
6962181067,2016-04-30,73.73,10081,6.66,6.66,0.0,2.24,0.76,3.67,0.0,32,16,237,731,2002,422.0,1.0,424.0,23.82,61.0,134.48
6962181067,2016-05-01,72.06,5454,3.61,3.61,0.0,0.0,0.0,3.61,0.0,0,0,215,722,1740,411.0,1.0,426.0,24.1,61.7,136.03
6962181067,2016-05-02,75.97,12912,8.54,8.54,0.0,1.2,2.0,5.34,0.0,18,39,313,655,2162,466.0,1.0,482.0,24.0,61.5,135.58
6962181067,2016-05-03,72.94,12109,8.12,8.12,0.0,1.74,2.04,4.33,0.0,21,36,267,654,2072,394.0,1.0,418.0,23.82,61.0,134.48
6962181067,2016-05-04,73.94,10147,6.71,6.71,0.0,0.47,1.68,4.55,0.0,15,36,284,683,2086,442.0,1.0,455.0,23.85,61.1,134.7
6962181067,2016-05-05,74.14,10524,6.96,6.96,0.0,0.99,1.16,4.81,0.0,14,22,305,591,2066,467.0,1.0,491.0,23.93,61.3,135.14
6962181067,2016-05-06,70.81,5908,3.91,3.91,0.0,0.0,0.0,3.91,0.0,0,0,299,717,1850,443.0,1.0,462.0,24.0,61.5,135.58
6962181067,2016-05-07,75.64,6815,4.5,4.5,0.0,0.0,0.0,4.5,0.0,0,0,328,745,1947,298.0,1.0,334.0,23.89,61.2,134.92
6962181067,2016-05-08,73.93,4188,2.77,2.77,0.0,0.0,0.52,2.25,0.0,0,14,151,709,1659,541.0,1.0,569.0,23.89,61.2,134.92
6962181067,2016-05-09,75.04,12342,8.72,8.68,3.17,3.9,1.18,3.65,0.0,43,21,231,607,2105,489.0,1.0,497.0,24.35,62.4,137.57
6962181067,2016-05-10,77.31,15448,10.21,10.21,0.0,3.47,1.75,4.99,0.0,62,34,275,626,2361,469.0,1.0,481.0,24.24,62.1,136.91
6962181067,2016-05-11,73.6,6722,4.44,4.44,0.0,1.49,0.31,2.65,0.0,24,7,199,709,1855,452.0,1.0,480.0,24.17,61.9,136.47
6962181067,2016-05-12,73.47,3587,2.37,2.37,0.0,0.0,0.25,2.11,0.0,0,8,105,127,928,516.0,1.0,535.0,24.17,61.9,136.47
7007744171,2016-04-12,95.03,14172,10.29,9.48,4.87,4.5,0.38,5.41,0.0,53,8,355,1024,2937,,,,,,
7007744171,2016-04-13,90.88,12862,9.65,8.6,4.85,4.61,0.56,4.48,0.0,56,22,261,1101,2742,,,,,,
7007744171,2016-04-14,90.64,11179,8.24,7.48,3.29,2.95,0.34,4.96,0.0,34,6,304,1096,2668,,,,,,
7007744171,2016-04-15,83.71,5273,3.53,3.53,0.0,0.0,0.0,3.53,0.0,0,0,202,1238,2098,,,,,,
7007744171,2016-04-16,78.79,4631,3.1,3.1,0.0,0.0,0.0,3.1,0.0,0,0,203,1155,2076,79.0,1.0,82.0,,,
7007744171,2016-04-17,84.39,8059,5.39,5.39,0.0,0.0,0.0,5.39,0.0,0,0,305,1135,2383,,,,,,
7007744171,2016-04-18,91.96,14816,10.98,9.91,4.93,3.79,2.12,5.05,0.02,48,31,284,1077,2832,,,,,,
7007744171,2016-04-19,92.75,14194,10.48,9.5,4.94,4.41,0.76,5.31,0.0,53,17,304,1066,2812,,,,,,
7007744171,2016-04-20,94.95,15566,11.31,10.41,4.92,4.79,0.67,5.86,0.0,60,33,347,1000,3096,,,,,,
7007744171,2016-04-21,90.7,13744,9.19,9.19,0.0,2.15,1.87,5.17,0.0,30,34,327,1049,2763,,,,,,
7007744171,2016-04-22,91.26,15299,10.24,10.24,0.0,4.1,1.76,4.37,0.0,64,50,261,1065,2889,,,,,,
7007744171,2016-04-23,91.91,8093,5.41,5.41,0.0,0.13,1.13,4.15,0.0,2,25,223,1190,2284,,,,,,
7007744171,2016-04-24,94.71,11085,7.42,7.42,0.0,0.0,0.0,7.42,0.0,0,0,419,1021,2667,,,,,,
7007744171,2016-04-25,92.76,18229,13.34,12.2,4.86,4.31,1.37,7.67,0.0,51,24,379,986,3055,,,,,,
7007744171,2016-04-26,88.79,15090,10.1,10.1,0.0,0.93,0.94,8.23,0.0,16,22,424,978,2939,,,,,,
7007744171,2016-04-27,93.74,13541,10.22,9.06,4.89,4.27,0.66,5.29,0.0,50,12,337,1041,2830,,,,,,
7007744171,2016-04-28,86.96,15128,10.12,10.12,0.0,1.09,0.77,8.26,0.0,16,16,401,1007,2836,,,,,,
7007744171,2016-04-29,92.45,20067,14.3,13.42,4.91,4.31,2.05,7.95,0.0,55,42,382,961,3180,,,,,,
7007744171,2016-04-30,79.34,3761,2.52,2.52,0.0,0.0,0.0,2.52,0.0,0,0,200,1240,2051,,,,,,
7007744171,2016-05-01,83.45,5600,3.75,3.75,0.0,0.0,0.0,3.75,0.0,0,0,237,1142,2225,58.0,1.0,61.0,,,
7007744171,2016-05-02,83.83,13041,9.18,8.72,2.83,4.64,0.7,3.83,0.0,64,14,250,1112,2642,,,,,,
7007744171,2016-05-03,91.92,14510,10.87,9.71,4.91,4.48,1.02,5.36,0.0,58,31,330,1021,2976,,,,,,
7007744171,2016-05-04,,0,0.0,0.0,0.0,0.0,0.0,0.0,0.0,0,0,0,1440,1557,,,,,,
7007744171,2016-05-05,97.03,15010,11.1,10.04,4.88,4.33,1.29,5.48,0.0,53,23,317,1047,2933,,,,,,
7007744171,2016-05-06,84.44,11459,7.67,7.67,0.0,3.0,0.81,3.86,0.0,44,13,247,1136,2553,,,,,,
7007744171,2016-05-07,,0,0.0,0.0,0.0,0.0,0.0,0.0,0.0,0,0,0,111,120,,,,,,
7086361926,2016-04-12,,11317,8.41,8.41,0.0,5.27,0.15,2.97,0.0,59,6,153,745,2772,514.0,1.0,525.0,,,
7086361926,2016-04-13,,5813,3.62,3.62,0.0,0.56,0.21,2.84,0.0,31,26,155,744,2516,451.0,1.0,465.0,,,
7086361926,2016-04-14,,9123,6.12,6.12,0.0,2.03,0.33,3.66,0.0,35,32,189,787,2734,472.0,1.0,476.0,,,
7086361926,2016-04-15,,8585,5.67,5.67,0.0,2.04,1.11,2.53,0.0,30,21,139,864,2395,377.0,1.0,386.0,,,
7086361926,2016-04-16,,31,0.01,0.01,0.0,0.0,0.0,0.01,0.0,0,0,3,1437,1635,,,,,,
7086361926,2016-04-17,,0,0.0,0.0,0.0,0.0,0.0,0.0,0.0,0,0,0,1440,1629,,,,,,
7086361926,2016-04-18,,9827,6.71,6.71,0.0,3.17,1.22,2.31,0.0,61,51,114,1136,2743,,,,,,
7086361926,2016-04-19,,10688,7.29,7.29,0.0,3.53,1.23,2.51,0.0,67,69,124,671,2944,472.0,1.0,483.0,,,
7086361926,2016-04-20,,14365,10.64,10.64,0.0,7.64,0.45,2.54,0.0,87,13,145,797,2997,492.0,1.0,502.0,,,
7086361926,2016-04-21,,9469,6.18,6.18,0.0,1.36,0.3,4.51,0.0,19,6,206,758,2463,390.0,1.0,411.0,,,
7086361926,2016-04-22,,9753,6.53,6.53,0.0,2.87,0.97,2.67,0.0,58,59,153,762,2846,428.0,1.0,448.0,,,
7086361926,2016-04-23,,2817,1.81,1.81,0.0,0.0,0.0,1.8,0.0,0,0,90,1350,1965,,,,,,
7086361926,2016-04-24,,3520,2.16,2.16,0.0,0.0,0.0,2.15,0.0,0,0,125,566,2049,681.0,1.0,704.0,,,
7086361926,2016-04-25,,10091,6.82,6.82,0.0,3.75,0.7,2.37,0.0,69,39,129,706,2752,446.0,1.0,447.0,,,
7086361926,2016-04-26,,10387,7.07,7.07,0.0,4.16,0.77,2.12,0.0,70,33,132,726,2781,485.0,1.0,500.0,,,
7086361926,2016-04-27,,11107,8.34,8.34,0.0,5.63,0.18,2.53,0.0,55,6,145,829,2693,469.0,1.0,479.0,,,
7086361926,2016-04-28,,11584,7.8,7.8,0.0,2.79,1.64,3.36,0.0,54,48,161,810,2862,354.0,1.0,367.0,,,
7086361926,2016-04-29,,7881,4.95,4.95,0.0,0.49,0.45,4.0,0.0,24,36,182,1198,2616,,,,,,
7086361926,2016-04-30,,14560,9.41,9.41,0.0,3.12,1.04,5.24,0.0,42,17,308,584,2995,485.0,1.0,489.0,,,
7086361926,2016-05-01,,12390,8.07,8.07,0.0,2.3,0.9,4.85,0.0,30,15,258,685,2730,388.0,1.0,407.0,,,
7086361926,2016-05-02,,10052,6.81,6.81,0.0,3.48,0.66,2.66,0.0,66,26,139,737,2754,440.0,1.0,459.0,,,
7086361926,2016-05-03,,10288,6.76,6.76,0.0,2.74,0.85,3.16,0.0,57,36,152,761,2754,456.0,1.0,461.0,,,
7086361926,2016-05-04,,10988,8.31,8.31,0.0,5.28,0.12,2.9,0.0,45,12,135,843,2655,420.0,1.0,436.0,,,
7086361926,2016-05-05,,8564,5.6,5.6,0.0,1.78,0.83,2.95,0.0,24,14,149,1253,2386,,,,,,
7086361926,2016-05-06,,12461,8.38,8.38,0.0,3.82,1.43,3.12,0.0,84,35,154,834,2924,322.0,1.0,333.0,,,
7086361926,2016-05-07,,12827,8.48,8.48,0.0,1.46,2.33,4.68,0.0,20,42,209,621,2739,530.0,1.0,548.0,,,
7086361926,2016-05-08,,10677,7.1,7.1,0.0,2.31,1.53,3.25,0.0,32,27,147,695,2534,481.0,1.0,510.0,,,
7086361926,2016-05-09,,13566,9.11,9.11,0.0,4.26,1.71,3.12,0.0,67,50,171,743,2960,427.0,1.0,438.0,,,
7086361926,2016-05-10,,14433,10.79,10.79,0.0,7.11,1.2,2.45,0.0,72,23,106,1182,2800,,,,,,
7086361926,2016-05-11,,9572,6.52,6.52,0.0,2.89,1.39,2.23,0.0,57,40,128,757,2735,451.0,1.0,463.0,,,
7086361926,2016-05-12,,3789,2.56,2.56,0.0,0.38,0.27,1.89,0.0,5,4,58,343,1199,444.0,1.0,457.0,,,
8053475328,2016-04-12,,18060,14.12,14.12,0.0,11.64,0.39,2.1,0.0,116,8,123,1193,3186,,,,,,
8053475328,2016-04-13,,16433,13.35,13.35,0.0,10.43,0.47,2.45,0.0,95,12,156,1177,3140,,,,,,
8053475328,2016-04-14,,20159,15.97,15.97,0.0,12.34,0.21,3.36,0.0,119,5,193,1123,3411,,,,,,
8053475328,2016-04-15,,20669,16.24,16.24,0.0,13.26,0.39,2.59,0.0,132,8,158,1142,3410,,,,,,
8053475328,2016-04-16,,14549,11.11,11.11,0.0,9.36,0.27,1.49,0.0,96,6,83,1255,2867,,,,,,
8053475328,2016-04-17,,18827,13.69,13.69,0.0,9.24,0.8,3.64,0.0,111,21,195,1113,3213,,,,,,
8053475328,2016-04-18,,17076,12.66,12.66,0.0,9.08,0.23,3.35,0.0,102,6,195,1137,3133,,,,,,
8053475328,2016-04-19,,15929,12.48,12.48,0.0,9.22,0.31,2.95,0.0,90,7,191,1152,3114,,,,,,
8053475328,2016-04-20,,15108,12.19,12.19,0.0,9.58,0.23,2.38,0.0,89,5,158,695,3043,486.0,1.0,493.0,,,
8053475328,2016-04-21,,16057,12.51,12.51,0.0,9.67,0.25,2.58,0.0,100,6,170,1164,3103,,,,,,
8053475328,2016-04-22,,10520,8.29,8.29,0.0,6.26,0.15,1.88,0.0,60,3,117,1260,2655,,,,,,
8053475328,2016-04-23,,22359,17.19,17.19,0.0,12.54,0.63,4.02,0.0,125,14,223,741,3554,331.0,1.0,337.0,,,
8053475328,2016-04-24,,22988,17.95,17.95,0.0,13.13,1.55,3.26,0.0,129,33,182,1096,3577,,,,,,
8053475328,2016-04-25,,20500,15.69,15.69,0.0,11.37,0.46,3.86,0.0,118,9,209,1104,3403,,,,,,
8053475328,2016-04-26,,12685,9.62,9.62,0.0,6.31,0.2,3.1,0.0,68,5,185,1182,2846,,,,,,
8053475328,2016-04-27,,12422,9.82,9.82,0.0,6.46,0.43,2.93,0.0,60,10,183,1187,2852,,,,,,
8053475328,2016-04-28,,15447,12.4,12.4,0.0,9.67,0.39,2.35,0.0,90,9,153,1188,3062,,,,,,
8053475328,2016-04-29,,12315,9.65,9.65,0.0,6.17,0.31,3.17,0.0,58,8,159,1215,2794,,,,,,
8053475328,2016-04-30,,7135,5.59,5.59,0.0,2.99,0.06,2.54,0.0,27,1,131,1281,2408,,,,,,
8053475328,2016-05-01,,1170,0.85,0.85,0.0,0.0,0.0,0.85,0.0,0,0,51,1389,1886,,,,,,
8053475328,2016-05-02,,1969,1.43,1.43,0.0,0.0,0.0,1.43,0.0,0,0,95,1345,1988,,,,,,
8053475328,2016-05-03,,15484,11.9,11.9,0.0,8.39,0.93,2.59,0.0,87,22,165,1166,3023,,,,,,
8053475328,2016-05-04,,14581,11.15,11.15,0.0,8.82,0.4,1.91,0.0,89,8,123,1220,2918,,,,,,
8053475328,2016-05-05,,14990,11.51,11.51,0.0,8.85,0.45,2.21,0.0,93,9,130,1208,2950,,,,,,
8053475328,2016-05-06,,13953,11.0,11.0,0.0,9.1,0.69,1.21,0.0,90,15,90,1245,2859,,,,,,
8053475328,2016-05-07,,19769,15.67,15.67,0.0,12.44,0.88,2.35,0.0,121,20,148,1076,3331,74.0,1.0,75.0,,,
8053475328,2016-05-08,,22026,17.65,17.65,0.0,13.4,0.59,3.66,0.0,125,14,228,1073,3589,,,,,,
8053475328,2016-05-09,,12465,9.38,9.38,0.0,6.12,0.57,2.69,0.0,66,12,148,1214,2765,,,,,,
8053475328,2016-05-10,,14810,11.36,11.36,0.0,9.09,0.42,1.85,0.0,96,10,115,1219,2926,,,,,,
8053475328,2016-05-11,,12209,9.4,9.4,0.0,6.08,0.28,3.04,0.0,60,7,184,1189,2809,,,,,,
8053475328,2016-05-12,,4998,3.91,3.91,0.0,2.95,0.2,0.76,0.0,28,4,39,839,1505,,,,,,
8253242879,2016-04-12,,9033,7.16,7.16,0.0,5.43,0.14,1.59,0.0,40,2,154,1244,2044,,,,,,
8253242879,2016-04-13,,8053,6.1,6.1,0.0,4.17,0.63,1.31,0.0,35,11,96,1298,1935,,,,,,
8253242879,2016-04-14,,5234,3.46,3.46,0.0,1.93,0.99,0.54,0.0,29,16,33,1362,1705,,,,,,
8253242879,2016-04-15,,2672,1.77,1.77,0.0,0.0,0.0,1.76,0.0,0,0,105,1335,1632,,,,,,
8253242879,2016-04-16,,9256,6.14,6.14,0.0,0.43,3.27,2.45,0.0,6,51,115,1268,1880,,,,,,
8253242879,2016-04-17,,10204,7.91,7.91,0.0,5.43,0.15,2.33,0.0,41,5,157,1237,2112,,,,,,
8253242879,2016-04-18,,5151,3.48,3.48,0.0,1.04,0.63,1.8,0.0,16,16,130,1278,1829,,,,,,
8253242879,2016-04-19,,4212,2.78,2.78,0.0,0.0,0.0,2.78,0.0,0,0,164,1276,1763,,,,,,
8253242879,2016-04-20,,6466,4.27,4.27,0.0,0.33,0.82,3.11,0.01,5,18,216,1201,1931,,,,,,
8253242879,2016-04-21,,11268,8.56,8.56,0.0,5.88,0.93,1.75,0.0,49,20,172,1199,2218,,,,,,
8253242879,2016-04-22,,2824,1.87,1.87,0.0,0.0,0.0,1.87,0.0,0,0,120,1320,1651,,,,,,
8253242879,2016-04-23,,9282,6.26,6.26,0.0,2.09,1.04,3.13,0.0,30,26,191,1193,2132,,,,,,
8253242879,2016-04-24,,8905,7.13,7.13,0.0,5.6,0.19,1.34,0.0,41,4,82,1313,1976,,,,,,
8253242879,2016-04-25,,6829,4.51,4.51,0.0,0.36,2.39,1.77,0.0,7,54,118,1261,1909,,,,,,
8253242879,2016-04-26,,4562,3.04,3.04,0.0,1.18,0.49,1.37,0.0,19,14,108,1299,1813,,,,,,
8253242879,2016-04-27,,10232,8.18,8.18,0.0,6.24,0.23,1.7,0.0,45,5,104,1286,2008,,,,,,
8253242879,2016-04-28,,2718,1.8,1.8,0.0,0.67,0.78,0.34,0.0,11,16,20,1393,1580,,,,,,
8253242879,2016-04-29,,6260,4.26,4.26,0.0,1.29,0.54,2.4,0.0,16,14,136,1257,1854,,,,,,
8253242879,2016-04-30,,0,0.0,0.0,0.0,0.0,0.0,0.0,0.0,0,0,0,1440,0,,,,,,
8378563200,2016-04-12,,7626,6.05,6.05,2.25,0.83,0.71,4.5,0.0,65,15,156,723,3635,338.0,1.0,356.0,,,
8378563200,2016-04-13,,12386,9.82,9.82,2.09,4.96,0.65,4.21,0.0,116,14,169,680,4079,447.0,2.0,487.0,,,
8378563200,2016-04-14,,13318,10.56,10.56,2.25,5.62,1.03,3.91,0.0,123,21,174,699,4163,424.0,1.0,455.0,,,
8378563200,2016-04-15,,14461,11.47,11.47,0.0,4.91,1.15,5.41,0.0,60,23,190,729,3666,513.0,1.0,533.0,,,
8378563200,2016-04-16,,11207,8.89,8.89,0.0,5.37,1.07,2.44,0.0,64,21,142,563,3363,611.0,2.0,689.0,,,
8378563200,2016-04-17,,2132,1.69,1.69,0.0,0.0,0.0,1.69,0.0,0,0,93,599,2572,525.0,2.0,591.0,,,
8378563200,2016-04-18,,13630,10.81,10.81,2.09,5.05,0.56,5.2,0.0,117,10,174,720,4157,398.0,1.0,451.0,,,
8378563200,2016-04-19,,13070,10.36,10.36,2.25,5.3,0.88,4.18,0.0,120,19,154,737,4092,387.0,1.0,421.0,,,
8378563200,2016-04-20,,9388,7.44,7.44,2.09,2.23,0.44,4.78,0.0,82,8,169,763,3787,381.0,1.0,409.0,,,
8378563200,2016-04-21,,15148,12.01,12.01,2.25,6.9,0.82,4.29,0.0,137,16,145,677,4236,396.0,1.0,417.0,,,
8378563200,2016-04-22,,12200,9.67,9.67,2.09,4.91,0.59,4.18,0.0,113,12,159,769,4044,441.0,1.0,469.0,,,
8378563200,2016-04-23,,5709,4.53,4.53,0.0,1.52,0.52,2.48,0.0,19,10,136,740,2908,565.0,1.0,591.0,,,
8378563200,2016-04-24,,3703,2.94,2.94,0.0,0.0,0.0,2.94,0.0,0,0,135,734,2741,458.0,1.0,492.0,,,
8378563200,2016-04-25,,12405,9.84,9.84,2.09,5.05,0.87,3.92,0.0,117,16,141,692,4005,388.0,1.0,402.0,,,
8378563200,2016-04-26,,16208,12.85,12.85,0.0,7.51,0.92,4.42,0.0,90,18,161,593,3763,550.0,1.0,584.0,,,
8378563200,2016-04-27,,7359,5.84,5.84,0.0,0.33,0.18,5.33,0.0,4,4,192,676,3061,531.0,1.0,600.0,,,
8378563200,2016-04-28,,5417,4.3,4.3,0.0,0.9,0.49,2.91,0.0,11,10,139,711,2884,506.0,1.0,556.0,,,
8378563200,2016-04-29,,6175,4.9,4.9,0.0,0.25,0.36,4.27,0.0,3,7,172,767,2982,527.0,1.0,562.0,,,
8378563200,2016-04-30,,2946,2.34,2.34,0.0,0.0,0.0,2.34,0.0,0,0,121,780,2660,468.0,1.0,555.0,,,
8378563200,2016-05-01,,11419,9.06,9.06,0.0,6.03,0.56,2.47,0.0,71,10,127,669,3369,475.0,1.0,539.0,,,
8378563200,2016-05-02,,6064,4.81,4.81,2.09,0.63,0.17,4.01,0.0,63,4,142,802,3491,351.0,1.0,385.0,,,
8378563200,2016-05-03,,8712,6.91,6.91,2.25,1.34,1.06,4.5,0.0,71,20,195,822,3784,405.0,1.0,429.0,,,
8378563200,2016-05-04,,7875,6.24,6.24,0.0,1.56,0.49,4.2,0.0,19,10,167,680,3110,441.0,1.0,477.0,,,
8378563200,2016-05-05,,8567,6.79,6.79,2.25,0.89,0.16,5.74,0.0,66,3,214,764,3783,381.0,1.0,417.0,,,
8378563200,2016-05-06,,7045,5.59,5.59,2.09,1.55,0.25,3.78,0.0,74,5,166,831,3644,323.0,1.0,355.0,,,
8378563200,2016-05-07,,4468,3.54,3.54,0.0,0.0,0.0,3.54,0.0,0,0,158,851,2799,459.0,2.0,513.0,,,
8378563200,2016-05-08,,2943,2.33,2.33,0.0,0.0,0.0,2.33,0.0,0,0,139,621,2685,545.0,1.0,606.0,,,
8378563200,2016-05-09,,8382,6.65,6.65,2.09,1.27,0.66,4.72,0.0,71,13,171,772,3721,359.0,1.0,399.0,,,
8378563200,2016-05-10,,6582,5.22,5.22,2.25,0.66,0.64,3.92,0.0,63,13,152,840,3586,342.0,1.0,391.0,,,
8378563200,2016-05-11,,9143,7.25,7.25,2.09,1.39,0.59,5.27,0.0,72,10,184,763,3788,368.0,1.0,387.0,,,
8378563200,2016-05-12,,4561,3.62,3.62,0.0,0.65,0.27,2.69,0.0,8,6,102,433,1976,496.0,1.0,546.0,,,
8583815059,2016-04-12,,5014,3.91,3.91,0.0,0.0,0.33,3.58,0.0,0,7,196,1237,2650,,,,,,
8583815059,2016-04-13,,5571,4.35,4.35,0.0,0.15,0.97,3.23,0.0,2,23,163,1252,2654,,,,,,
8583815059,2016-04-14,,3135,2.45,2.45,0.0,0.0,0.0,2.43,0.0,0,0,134,1306,2443,,,,,,
8583815059,2016-04-15,,3430,2.68,2.68,0.0,0.0,0.0,0.9,0.0,0,0,65,1375,2505,,,,,,
8583815059,2016-04-16,,5319,4.15,4.15,0.0,0.0,0.0,0.0,0.0,0,0,0,1440,2693,,,,,,
8583815059,2016-04-17,,3008,2.35,2.35,0.0,0.0,0.0,0.0,0.0,0,0,0,1440,2439,,,,,,
8583815059,2016-04-18,,3864,3.01,3.01,0.0,0.31,1.06,1.35,0.0,4,22,105,1309,2536,,,,,,
8583815059,2016-04-19,,5697,4.44,4.44,0.0,0.53,0.48,3.44,0.0,7,10,166,1257,2668,,,,,,
8583815059,2016-04-20,,5273,4.11,4.11,0.0,0.0,1.04,3.07,0.0,0,27,167,1246,2647,,,,,,
8583815059,2016-04-21,,8538,6.66,6.66,0.0,2.63,1.02,3.01,0.0,35,18,158,1229,2883,,,,,,
8583815059,2016-04-22,,8687,6.78,6.78,0.0,0.29,2.41,4.08,0.0,4,54,212,1170,2944,,,,,,
8583815059,2016-04-23,,9423,7.35,7.35,0.0,0.53,2.03,4.75,0.0,7,44,238,1151,3012,,,,,,
8583815059,2016-04-24,,8286,6.46,6.46,0.0,0.15,2.05,4.27,0.0,2,44,206,1188,2889,,,,,,
8583815059,2016-04-25,,4503,3.51,3.51,0.0,1.47,0.24,1.81,0.0,18,6,122,1294,2547,,,,,,
8583815059,2016-04-26,,10499,8.19,8.19,0.0,0.07,4.22,3.89,0.0,1,91,214,1134,3093,,,,,,
8583815059,2016-04-27,,12474,9.73,9.73,0.0,6.6,0.27,2.87,0.0,77,5,129,1229,3142,,,,,,
8583815059,2016-04-28,,6174,4.82,4.82,0.0,0.0,1.2,3.61,0.0,0,28,203,1209,2757,,,,,,
8583815059,2016-04-29,,15168,11.83,11.83,0.0,3.9,3.0,4.92,0.0,46,67,258,1069,3513,,,,,,
8583815059,2016-04-30,,10085,7.87,7.87,0.0,0.15,1.28,6.43,0.0,2,28,317,1093,3164,,,,,,
8583815059,2016-05-01,,4512,3.52,3.52,0.0,0.78,0.12,2.04,0.0,10,2,117,1311,2596,,,,,,
8583815059,2016-05-02,,8469,6.61,6.61,0.0,0.0,0.0,0.0,0.0,0,0,0,1440,2894,,,,,,
8583815059,2016-05-03,,12015,9.37,9.37,0.0,0.0,0.0,0.0,0.0,0,0,0,1440,3212,,,,,,
8583815059,2016-05-04,,3588,2.8,2.8,0.0,0.0,0.0,0.0,0.0,0,0,0,1440,2516,,,,,,
8583815059,2016-05-05,,12427,9.69,9.69,0.0,0.0,0.0,1.18,0.0,0,0,70,1370,3266,,,,,,
8583815059,2016-05-06,,5843,4.56,4.56,0.0,0.14,1.19,3.23,0.0,2,22,166,1250,2683,,,,,,
8583815059,2016-05-07,,6117,4.77,4.77,0.0,0.0,0.0,4.77,0.0,0,0,250,1190,2810,,,,,,
8583815059,2016-05-08,,9217,7.19,7.19,0.0,0.22,3.31,3.66,0.0,3,72,182,1183,2940,,,,,,
8583815059,2016-05-09,,9877,7.7,7.7,0.0,5.76,0.17,1.73,0.0,66,4,110,1260,2947,,,,,,
8583815059,2016-05-10,,8240,6.43,6.43,0.0,0.69,2.01,3.72,0.0,9,43,162,1226,2846,,,,,,
8583815059,2016-05-11,,8701,6.79,6.79,0.0,0.37,3.24,3.17,0.0,5,71,177,1106,2804,,,,,,
8583815059,2016-05-12,,0,0.0,0.0,0.0,0.0,0.0,0.0,0.0,0,0,0,1440,0,,,,,,
8792009665,2016-04-12,67.64,2564,1.64,1.64,0.0,0.0,0.0,1.64,0.0,0,0,116,831,2044,458.0,1.0,493.0,,,
8792009665,2016-04-13,67.46,1320,0.84,0.84,0.0,0.0,0.0,0.84,0.0,0,0,82,806,1934,531.0,1.0,552.0,,,
8792009665,2016-04-14,68.09,1219,0.78,0.78,0.0,0.0,0.0,0.78,0.0,0,0,84,853,1963,486.0,1.0,503.0,,,
8792009665,2016-04-15,66.27,2483,1.59,1.59,0.0,0.0,0.0,1.59,0.0,0,0,126,937,2009,363.0,1.0,377.0,,,
8792009665,2016-04-16,,244,0.16,0.16,0.0,0.0,0.0,0.16,0.0,0,0,12,1428,1721,,,,,,
8792009665,2016-04-17,,0,0.0,0.0,0.0,0.0,0.0,0.0,0.0,0,0,0,1440,1688,,,,,,
8792009665,2016-04-18,,0,0.0,0.0,0.0,0.0,0.0,0.0,0.0,0,0,0,1440,1688,,,,,,
8792009665,2016-04-19,,0,0.0,0.0,0.0,0.0,0.0,0.0,0.0,0,0,0,1440,1688,,,,,,
8792009665,2016-04-20,67.88,3147,2.01,2.01,0.0,0.0,0.28,1.74,0.0,0,10,139,744,2188,528.0,1.0,547.0,,,
8792009665,2016-04-21,80.0,144,0.09,0.09,0.0,0.0,0.0,0.09,0.0,0,0,9,1431,1720,,,,,,
8792009665,2016-04-22,68.92,4068,2.6,2.6,0.0,0.05,0.28,2.27,0.0,1,20,195,817,2419,391.0,1.0,407.0,,,
8792009665,2016-04-23,75.89,5245,3.36,3.36,0.0,0.16,0.44,2.75,0.0,8,45,232,795,2748,339.0,1.0,360.0,,,
8792009665,2016-04-24,75.22,400,0.26,0.26,0.0,0.04,0.05,0.16,0.0,3,8,19,1410,1799,,,,,,
8792009665,2016-04-25,,0,0.0,0.0,0.0,0.0,0.0,0.0,0.0,0,0,0,1440,1688,,,,,,
8792009665,2016-04-26,69.24,1321,0.85,0.85,0.0,0.0,0.0,0.85,0.0,0,0,80,1360,1928,,,,,,
8792009665,2016-04-27,67.66,1758,1.13,1.13,0.0,0.0,0.0,1.13,0.0,0,0,112,900,2067,423.0,1.0,428.0,,,
8792009665,2016-04-28,74.15,6157,3.94,3.94,0.0,0.0,0.0,3.94,0.0,0,0,310,714,2780,402.0,1.0,416.0,,,
8792009665,2016-04-29,78.36,8360,5.35,5.35,0.0,0.14,0.28,4.93,0.0,6,14,380,634,3101,398.0,1.0,406.0,,,
8792009665,2016-04-30,79.28,7174,4.59,4.59,0.0,0.33,0.36,3.91,0.0,10,20,301,749,2896,343.0,1.0,360.0,,,
8792009665,2016-05-01,66.86,1619,1.04,1.04,0.0,0.0,0.0,1.04,0.0,0,0,79,834,1962,503.0,1.0,527.0,,,
8792009665,2016-05-02,66.43,1831,1.17,1.17,0.0,0.0,0.0,1.17,0.0,0,0,101,916,2015,415.0,1.0,423.0,,,
8792009665,2016-05-03,73.13,2421,1.55,1.55,0.0,0.0,0.0,1.55,0.0,0,0,156,739,2297,516.0,1.0,545.0,,,
8792009665,2016-05-04,74.36,2283,1.46,1.46,0.0,0.0,0.0,1.46,0.0,0,0,129,848,2067,439.0,1.0,463.0,,,
8792009665,2016-05-05,,0,0.0,0.0,0.0,0.0,0.0,0.0,0.0,0,0,0,1440,1688,,,,,,
8792009665,2016-05-06,,0,0.0,0.0,0.0,0.0,0.0,0.0,0.0,0,0,0,1440,1688,,,,,,
8792009665,2016-05-07,,0,0.0,0.0,0.0,0.0,0.0,0.0,0.0,0,0,0,1440,1688,,,,,,
8792009665,2016-05-08,,0,0.0,0.0,0.0,0.0,0.0,0.0,0.0,0,0,0,1440,1688,,,,,,
8792009665,2016-05-09,,0,0.0,0.0,0.0,0.0,0.0,0.0,0.0,0,0,0,1440,1688,,,,,,
8792009665,2016-05-10,,0,0.0,0.0,0.0,0.0,0.0,0.0,0.0,0,0,0,48,57,,,,,,
8877689391,2016-04-12,76.49,23186,20.4,20.4,0.0,12.22,0.34,7.82,0.0,85,7,312,1036,3921,,,,25.68,85.8,189.16
8877689391,2016-04-13,73.41,15337,9.58,9.58,0.0,3.55,0.38,5.64,0.0,108,18,216,1098,3566,,,,25.41,84.9,187.17
8877689391,2016-04-14,75.78,21129,18.98,18.98,0.0,10.55,0.59,7.75,0.02,68,13,298,1061,3793,,,,25.31,84.5,186.29
8877689391,2016-04-15,77.73,13422,7.17,7.17,0.0,0.05,0.05,7.01,0.01,106,1,281,1052,3934,,,,,,
8877689391,2016-04-16,83.54,29326,25.29,25.29,0.0,13.24,1.21,10.71,0.0,94,29,429,888,4547,,,,25.59,85.5,188.5
8877689391,2016-04-17,75.35,15118,8.87,8.87,0.0,0.0,0.07,8.79,0.0,58,15,307,1060,3545,,,,,,
8877689391,2016-04-18,65.2,11423,8.67,8.67,0.0,2.44,0.27,5.94,0.0,29,5,191,1215,2761,,,,25.68,85.8,189.16
8877689391,2016-04-19,75.73,18785,17.4,17.4,0.0,12.15,0.18,5.03,0.0,82,13,214,1131,3676,,,,25.53,85.3,188.05
8877689391,2016-04-20,75.56,19948,18.11,18.11,0.0,11.02,0.69,6.34,0.0,73,19,225,1123,3679,,,,25.41,84.9,187.17
8877689391,2016-04-21,77.0,19377,17.62,17.62,0.0,12.29,0.42,4.89,0.0,82,13,226,1119,3659,,,,25.29,84.5,186.29
8877689391,2016-04-22,73.24,18258,16.31,16.31,0.0,10.23,0.03,5.97,0.05,61,2,236,1141,3427,,,,,,
8877689391,2016-04-23,79.88,11200,7.43,7.43,0.0,0.0,0.0,7.4,0.01,102,6,300,1032,3891,,,,25.59,85.5,188.5
8877689391,2016-04-24,77.49,16674,15.74,15.74,0.0,11.01,0.01,4.69,0.0,64,1,227,1148,3455,,,,25.59,85.5,188.5
8877689391,2016-04-25,76.22,12986,8.74,8.74,0.0,2.37,0.07,6.27,0.01,113,8,218,1101,3802,,,,25.56,85.4,188.27
8877689391,2016-04-26,66.63,11101,8.43,8.43,0.0,1.76,0.13,6.5,0.0,22,3,258,1157,2860,,,,25.49,85.1,187.61
8877689391,2016-04-27,74.41,23629,20.65,20.65,0.0,13.07,0.44,7.1,0.0,93,8,235,1104,3808,,,,25.56,85.4,188.27
8877689391,2016-04-28,65.57,14890,11.3,11.3,0.0,4.93,0.38,5.97,0.0,58,8,231,1143,3060,,,,25.49,85.1,187.61
8877689391,2016-04-29,63.46,9733,7.39,7.39,0.0,1.38,0.17,5.79,0.0,18,5,210,1207,2698,,,,25.41,84.9,187.17
8877689391,2016-04-30,84.67,27745,26.72,26.72,0.0,21.66,0.08,4.93,0.0,124,4,223,1089,4398,,,,25.59,85.5,188.5
8877689391,2016-05-01,70.08,10930,8.32,8.32,0.0,3.13,0.57,4.57,0.0,36,12,166,1226,2786,,,,25.53,85.3,188.05
8877689391,2016-05-02,65.32,4790,3.64,3.64,0.0,0.0,0.0,3.56,0.0,0,0,105,1335,2189,,,,,,
8877689391,2016-05-03,66.39,10818,8.21,8.21,0.0,1.39,0.1,6.67,0.01,19,3,229,1189,2817,,,,25.41,84.9,187.17
8877689391,2016-05-04,76.77,18193,16.3,16.3,0.0,10.42,0.31,5.53,0.0,66,8,212,1154,3477,,,,25.26,84.4,186.07
8877689391,2016-05-05,71.33,14055,10.67,10.67,0.0,5.46,0.82,4.37,0.0,67,15,188,1170,3052,,,,,,
8877689391,2016-05-06,82.98,21727,19.34,19.34,0.0,12.79,0.29,6.16,0.0,96,17,232,1095,4015,,,,25.44,85.0,187.39
8877689391,2016-05-07,86.44,12332,8.13,8.13,0.0,0.08,0.96,6.99,0.0,105,28,271,1036,4142,,,,,,
8877689391,2016-05-08,71.59,10686,8.11,8.11,0.0,1.08,0.2,6.8,0.0,17,4,245,1174,2847,,,,25.56,85.4,188.27
8877689391,2016-05-09,79.57,20226,18.25,18.25,0.0,11.1,0.8,6.24,0.05,73,19,217,1131,3710,,,,25.61,85.5,188.5
8877689391,2016-05-10,70.73,10733,8.15,8.15,0.0,1.35,0.46,6.28,0.0,18,11,224,1187,2832,,,,,,
8877689391,2016-05-11,78.4,21420,19.56,19.56,0.0,13.22,0.41,5.89,0.0,88,12,213,1127,3832,,,,25.56,85.4,188.27
8877689391,2016-05-12,69.92,8064,6.12,6.12,0.0,1.82,0.04,4.25,0.0,23,1,137,770,1849,,,,25.14,84.0,185.19
